product_id,product_name,category,unit_cost,list_price,product_tier
P0001,Desk Lamp Pro,Office,514.26,1160.07,Core
P0002,Mixer Grinder 2026,Home,286.08,384.94,Premium
P0003,Air Purifier Lite,Home,859.5,1375.05,Seasonal
P0004,Wireless Earbuds 2025,Electronics,533.26,1072.13,Core
P0005,Monitor Max,Office,453.94,759.54,Core
P0006,Laptop Stand 2025,Accessories,131.11,215.16,Seasonal
P0007,Air Purifier Pro,Home,255.48,343.74,Core
P0008,Travel Adapter Plus,Accessories,27.08,38.24,Core
P0009,Cloud Backup Max,Software,589.89,841.39,Core
P0010,Smartwatch Max,Electronics,954.38,1409.68,Core
P0011,Bluetooth Speaker 2026,Electronics,603.08,896.52,Premium
P0012,Design Suite Lite,Software,183.33,306.89,Premium
P0013,Travel Adapter 2025,Accessories,317.3,505.94,Core
P0014,Mouse Pro,Office,646.64,1402.62,Premium
P0015,Smartwatch 2026,Electronics,499.79,1006.72,Premium
P0016,Resistance Set 2025,Fitness,725.28,1282.25,Core
P0017,Air Purifier Max,Home,86.99,196.46,Core
P0018,Laptop Stand Plus,Accessories,187.99,262.23,Premium
P0019,Fitness Band Max,Fitness,72.56,169.6,Core
P0020,Power Bank Lite,Electronics,424.45,746.96,Seasonal
P0021,Keyboard 2025,Office,467.85,920.27,Core
P0022,Monitor 2026,Office,489.17,844.17,Core
P0023,Keyboard Pro,Office,740.19,1252.52,Core
P0024,Monitor Lite,Office,329.27,714.29,Core
P0025,USB-C Cable Lite,Accessories,293.25,422.49,Seasonal
P0026,Desk Lamp 2025,Office,800.8,1196.1,Seasonal
P0027,Yoga Mat Pro,Fitness,301.78,453.52,Core
P0028,Travel Adapter Pro,Accessories,640.57,1392.85,Core
P0029,Vacuum Cleaner 2026,Home,435.46,836.34,Seasonal
P0030,Vacuum Cleaner Plus,Home,303.72,514.5,Core
P0031,Air Purifier Pro,Home,349.21,712.92,Premium
P0032,Desk Lamp Plus,Office,813.74,1400.48,Premium
P0033,Air Purifier Max,Home,510.08,1155.89,Premium
P0034,Team Collaboration 2025,Software,632.85,890.13,Seasonal
P0035,USB-C Cable 2026,Accessories,699.16,963.73,Seasonal
P0036,Fitness Band Max,Fitness,554.69,1132.46,Core
P0037,Travel Adapter 2026,Accessories,237.84,432.07,Seasonal
P0038,Monitor Plus,Office,103.94,141.33,Seasonal
P0039,Resistance Set Lite,Fitness,728.13,1182.74,Seasonal
P0040,Phone Case Plus,Accessories,238.63,454.07,Seasonal
P0041,Smart Bulb Lite,Home,685.79,1481.4,Seasonal
P0042,Laptop Stand 2025,Accessories,217.65,446.0,Core
P0043,USB-C Cable Lite,Accessories,461.12,912.95,Core
P0044,Power Bank Max,Electronics,581.48,921.14,Seasonal
P0045,Mouse Pro,Office,942.85,1484.33,Core
P0046,Smart Scale 2026,Fitness,85.35,189.56,Premium
P0047,Wireless Earbuds Lite,Electronics,148.41,305.49,Premium
P0048,Bluetooth Speaker Plus,Electronics,730.14,1422.08,Seasonal
P0049,Air Purifier 2026,Home,671.89,965.38,Seasonal
P0050,Air Purifier Lite,Home,372.58,506.16,Premium
P0051,Resistance Set 2025,Fitness,266.6,354.53,Premium
P0052,Fitness Band 2025,Fitness,626.89,1142.73,Seasonal
P0053,Bluetooth Speaker Lite,Electronics,372.85,654.39,Premium
P0054,Travel Adapter Plus,Accessories,909.93,1366.66,Seasonal
P0055,Mixer Grinder Lite,Home,535.74,948.22,Seasonal
P0056,Phone Case Pro,Accessories,345.93,532.96,Seasonal
P0057,Mouse Lite,Office,590.02,1147.6,Premium
P0058,Travel Adapter 2026,Accessories,463.01,964.0,Premium
P0059,Vacuum Cleaner Plus,Home,84.71,151.76,Seasonal
P0060,Monitor Max,Office,203.68,369.86,Core
P0061,Laptop Stand 2025,Accessories,463.63,750.87,Seasonal
P0062,Smart Scale 2025,Fitness,510.97,694.17,Core
P0063,Resistance Set 2025,Fitness,247.16,324.88,Seasonal
P0064,Keyboard Max,Office,635.84,1434.02,Premium
P0065,Smart Bulb Max,Home,27.63,55.28,Seasonal
P0066,Fitness Band Lite,Fitness,78.54,138.88,Core
P0067,Vacuum Cleaner 2026,Home,167.37,310.13,Core
P0068,Vacuum Cleaner Pro,Home,325.72,554.81,Seasonal
P0069,Mouse 2026,Office,172.31,238.77,Core
P0070,Vacuum Cleaner 2025,Home,535.36,768.96,Core
P0071,Laptop Stand Pro,Accessories,42.89,59.94,Seasonal
P0072,Phone Case 2025,Accessories,218.62,456.72,Core
P0073,Monitor Max,Office,603.89,1275.16,Seasonal
P0074,Keyboard Lite,Office,674.02,1388.19,Core
P0075,Phone Case 2025,Accessories,141.77,257.78,Premium
P0076,Analytics Pro Plus,Software,355.91,558.86,Core
P0077,USB-C Cable Lite,Accessories,426.47,708.45,Core
P0078,Design Suite Max,Software,30.06,64.51,Premium
P0079,Wireless Earbuds Max,Electronics,901.23,1439.37,Premium
P0080,Smartwatch Lite,Electronics,380.97,826.23,Seasonal
P0081,Bluetooth Speaker Lite,Electronics,111.16,155.22,Core
P0082,Mixer Grinder Pro,Home,487.01,1075.28,Core
P0083,Bluetooth Speaker 2025,Electronics,344.53,727.13,Seasonal
P0084,USB-C Cable 2025,Accessories,579.62,914.28,Seasonal
P0085,USB-C Cable Pro,Accessories,751.12,1031.08,Seasonal
P0086,Travel Adapter Pro,Accessories,412.88,692.8,Core
P0087,Keyboard Lite,Office,488.74,1018.46,Premium
P0088,Mixer Grinder Plus,Home,711.19,1118.48,Core
P0089,Vacuum Cleaner Max,Home,662.73,972.05,Core
P0090,Cloud Backup 2025,Software,436.95,979.92,Seasonal
P0091,Air Purifier Lite,Home,628.74,827.35,Core
P0092,Team Collaboration Pro,Software,484.84,669.86,Core
P0093,Mouse Pro,Office,182.66,339.7,Core
P0094,Vacuum Cleaner Plus,Home,129.4,266.92,Seasonal
P0095,Monitor Max,Office,311.44,490.49,Premium
P0096,Mouse Plus,Office,397.63,792.96,Core
P0097,Fitness Band 2025,Fitness,829.76,1359.95,Premium
P0098,Team Collaboration 2026,Software,602.84,1307.08,Core
P0099,Vacuum Cleaner 2025,Home,71.65,95.53,Premium
P0100,Resistance Set Pro,Fitness,256.86,374.7,Core
P0101,Travel Adapter 2026,Accessories,74.78,97.06,Premium
P0102,Power Bank Pro,Electronics,583.85,909.86,Core
P0103,Yoga Mat 2025,Fitness,314.63,482.24,Seasonal
P0104,Wireless Earbuds 2025,Electronics,283.92,626.48,Seasonal
P0105,Monitor Max,Office,209.69,449.16,Seasonal
P0106,Vacuum Cleaner 2025,Home,621.52,1463.96,Seasonal
P0107,Laptop Stand 2026,Accessories,600.69,1370.62,Core
P0108,Wireless Earbuds 2025,Electronics,779.55,1244.01,Seasonal
P0109,Mixer Grinder Plus,Home,731.59,1378.34,Core
P0110,Monitor Lite,Office,553.22,1257.42,Premium
P0111,Power Bank Plus,Electronics,993.37,1359.7,Seasonal
P0112,Cloud Backup Pro,Software,156.39,206.58,Core
P0113,Smart Scale 2026,Fitness,802.52,1263.09,Seasonal
P0114,Mixer Grinder Max,Home,227.51,315.13,Core
P0115,Travel Adapter Max,Accessories,878.3,1480.76,Seasonal
P0116,Travel Adapter Max,Accessories,378.31,717.61,Premium
P0117,Smart Scale 2025,Fitness,386.79,755.17,Seasonal
P0118,Phone Case Plus,Accessories,266.74,443.43,Seasonal
P0119,Keyboard Plus,Office,194.98,427.15,Core
P0120,Cloud Backup 2026,Software,65.55,124.04,Core
P0121,Analytics Pro Pro,Software,785.58,1356.22,Seasonal
P0122,Cloud Backup 2026,Software,215.25,368.28,Premium
P0123,Desk Lamp Max,Office,336.46,697.09,Core
P0124,Monitor Lite,Office,776.35,1335.61,Core
P0125,Design Suite Lite,Software,615.23,969.85,Core
P0126,Desk Lamp 2025,Office,46.21,63.5,Core
P0127,Mouse 2025,Office,412.14,607.35,Core
P0128,Design Suite 2026,Software,450.7,655.11,Core
P0129,Smartwatch Lite,Electronics,789.36,1313.16,Seasonal
P0130,Laptop Stand 2026,Accessories,316.46,669.14,Seasonal
P0131,Smart Bulb 2025,Home,454.74,660.78,Seasonal
P0132,USB-C Cable Plus,Accessories,1054.94,1451.89,Premium
P0133,Cloud Backup Max,Software,898.54,1262.73,Core
P0134,Smart Bulb Pro,Home,312.39,695.77,Core
P0135,Bluetooth Speaker Pro,Electronics,155.97,352.68,Seasonal
P0136,Air Purifier 2025,Home,415.89,724.98,Seasonal
P0137,Cloud Backup 2026,Software,353.24,638.6,Premium
P0138,Wireless Earbuds Lite,Electronics,251.15,527.28,Premium
P0139,Laptop Stand Lite,Accessories,267.11,445.15,Seasonal
P0140,Smart Scale Lite,Fitness,600.1,1255.13,Core
P0141,Mouse Lite,Office,524.38,1212.25,Premium
P0142,Smart Bulb Lite,Home,143.12,239.2,Premium
P0143,Analytics Pro Plus,Software,55.85,113.33,Core
P0144,Vacuum Cleaner Pro,Home,685.83,1374.32,Core
P0145,Phone Case Max,Accessories,271.54,441.15,Seasonal
P0146,Smart Bulb 2026,Home,648.64,957.19,Premium
P0147,Resistance Set Lite,Fitness,252.65,493.38,Premium
P0148,USB-C Cable 2025,Accessories,272.26,633.48,Core
P0149,Monitor 2025,Office,810.81,1052.42,Premium
P0150,Mouse Plus,Office,614.68,817.68,Core
P0151,Analytics Pro Plus,Software,371.63,599.06,Seasonal
P0152,Laptop Stand Plus,Accessories,1078.45,1389.25,Core
P0153,Resistance Set Max,Fitness,925.13,1222.65,Seasonal
P0154,Smart Scale 2025,Fitness,125.49,196.48,Seasonal
P0155,Phone Case Plus,Accessories,900.68,1402.64,Premium
P0156,Smartwatch 2025,Electronics,324.4,713.04,Core
P0157,Analytics Pro Max,Software,500.5,1033.33,Seasonal
P0158,Wireless Earbuds Lite,Electronics,243.36,408.4,Seasonal
P0159,Keyboard Plus,Office,553.25,960.25,Core
P0160,Cloud Backup Lite,Software,294.57,560.81,Core
P0161,Laptop Stand 2025,Accessories,473.17,783.88,Core
P0162,Phone Case Pro,Accessories,230.0,446.16,Core
P0163,Desk Lamp 2026,Office,314.43,419.7,Seasonal
P0164,Mixer Grinder Plus,Home,18.98,42.59,Premium
P0165,Smartwatch 2025,Electronics,218.48,448.73,Premium
P0166,Wireless Earbuds Max,Electronics,479.4,649.25,Premium
P0167,Analytics Pro Pro,Software,306.7,591.5,Seasonal
P0168,Analytics Pro Plus,Software,499.45,667.49,Seasonal
P0169,Mixer Grinder Pro,Home,493.02,919.13,Seasonal
P0170,Team Collaboration Plus,Software,747.26,1267.2,Premium
P0171,Mixer Grinder Max,Home,770.05,1257.65,Seasonal
P0172,Yoga Mat 2026,Fitness,1030.26,1372.81,Premium
P0173,Mouse Max,Office,651.05,1418.02,Core
P0174,Bluetooth Speaker Lite,Electronics,599.33,860.82,Core
P0175,Laptop Stand 2025,Accessories,441.96,575.92,Premium
P0176,Smartwatch 2026,Electronics,844.35,1436.39,Core
P0177,Power Bank Max,Electronics,1043.83,1475.38,Core
P0178,Phone Case Lite,Accessories,423.24,799.97,Premium
P0179,Phone Case Pro,Accessories,45.73,86.88,Core
P0180,Team Collaboration Max,Software,689.43,1001.4,Seasonal
P0181,USB-C Cable Max,Accessories,917.77,1371.52,Core
P0182,Smart Scale 2025,Fitness,121.84,200.88,Core
P0183,Cloud Backup 2026,Software,639.81,1301.15,Premium
P0184,Resistance Set Plus,Fitness,521.05,695.14,Seasonal
P0185,Mixer Grinder 2026,Home,429.62,751.29,Seasonal
P0186,Team Collaboration Max,Software,986.14,1278.54,Seasonal
P0187,USB-C Cable Lite,Accessories,125.09,229.98,Core
P0188,Monitor Plus,Office,508.43,970.57,Seasonal
P0189,Wireless Earbuds Lite,Electronics,349.24,676.67,Premium
P0190,Bluetooth Speaker Max,Electronics,51.32,79.48,Core
P0191,Cloud Backup Max,Software,527.44,816.8,Core
P0192,Resistance Set 2025,Fitness,810.38,1321.47,Core
P0193,Resistance Set Lite,Fitness,132.77,263.32,Core
P0194,Cloud Backup Plus,Software,258.1,418.67,Seasonal
P0195,Travel Adapter Max,Accessories,330.27,555.86,Core
P0196,Analytics Pro Plus,Software,170.14,327.45,Seasonal
P0197,Travel Adapter Max,Accessories,462.51,700.18,Seasonal
P0198,Mixer Grinder 2025,Home,865.8,1195.64,Core
P0199,USB-C Cable 2025,Accessories,226.2,321.8,Core
P0200,Monitor Max,Office,692.7,1470.31,Premium
P0201,Yoga Mat 2025,Fitness,46.87,62.43,Seasonal
P0202,Keyboard Lite,Office,841.78,1173.77,Core
P0203,Travel Adapter 2025,Accessories,272.63,436.62,Seasonal
P0204,Keyboard Lite,Office,267.24,489.41,Seasonal
P0205,Smartwatch 2025,Electronics,525.68,947.29,Premium
P0206,Mixer Grinder Max,Home,179.49,408.67,Premium
P0207,Monitor Max,Office,875.46,1457.44,Core
P0208,Travel Adapter 2025,Accessories,854.17,1149.2,Premium
P0209,Vacuum Cleaner Plus,Home,419.14,827.18,Seasonal
P0210,Phone Case Max,Accessories,685.74,1090.94,Core
P0211,Wireless Earbuds Max,Electronics,656.9,930.07,Seasonal
P0212,Mouse 2026,Office,462.56,816.1,Core
P0213,Smart Bulb Max,Home,512.33,854.61,Core
P0214,Keyboard 2025,Office,343.16,751.99,Core
P0215,Vacuum Cleaner Max,Home,573.05,1287.5,Core
P0216,Mixer Grinder 2026,Home,292.5,557.7,Core
P0217,Resistance Set 2026,Fitness,164.99,230.89,Premium
P0218,Phone Case Max,Accessories,435.05,686.86,Core
P0219,Travel Adapter 2025,Accessories,313.44,483.03,Core
P0220,Smart Scale Lite,Fitness,423.56,854.67,Seasonal
P0221,Mixer Grinder Pro,Home,467.41,883.77,Seasonal
P0222,USB-C Cable Plus,Accessories,519.12,820.98,Seasonal
P0223,Yoga Mat 2025,Fitness,778.91,1483.97,Seasonal
P0224,Wireless Earbuds 2026,Electronics,164.62,261.53,Core
P0225,Mouse Pro,Office,47.04,96.47,Core
P0226,Desk Lamp Max,Office,167.11,318.67,Premium
P0227,Power Bank Plus,Electronics,489.87,907.6,Premium
P0228,Yoga Mat 2026,Fitness,701.47,1481.69,Core
P0229,USB-C Cable Lite,Accessories,509.09,719.52,Seasonal
P0230,Power Bank Max,Electronics,664.74,1407.35,Seasonal
P0231,Air Purifier 2026,Home,573.82,1323.15,Seasonal
P0232,Vacuum Cleaner Pro,Home,246.69,534.95,Core
P0233,Analytics Pro Lite,Software,286.57,618.65,Core
P0234,Fitness Band Lite,Fitness,38.42,49.8,Core
P0235,Yoga Mat 2025,Fitness,668.52,1382.79,Core
P0236,Team Collaboration Pro,Software,557.96,1132.17,Premium
P0237,Air Purifier Plus,Home,454.22,1018.66,Core
P0238,Yoga Mat Max,Fitness,502.01,972.08,Seasonal
P0239,Fitness Band 2026,Fitness,77.04,180.64,Premium
P0240,Analytics Pro Pro,Software,581.44,1012.24,Premium
P0241,Laptop Stand Lite,Accessories,354.46,588.55,Premium
P0242,Design Suite Max,Software,696.31,1402.15,Seasonal
P0243,Mouse 2025,Office,648.13,845.74,Premium
P0244,Cloud Backup 2026,Software,382.92,811.15,Seasonal
P0245,Analytics Pro Pro,Software,990.8,1272.35,Core
P0246,Analytics Pro Max,Software,201.73,459.82,Core
P0247,Analytics Pro 2025,Software,293.07,590.82,Core
P0248,Fitness Band Lite,Fitness,16.7,33.39,Seasonal
P0249,Mouse 2025,Office,541.95,1059.7,Premium
P0250,Cloud Backup Pro,Software,398.06,813.98,Core
P0251,Mouse Pro,Office,389.13,582.5,Core
P0252,Mouse Lite,Office,491.69,668.35,Seasonal
P0253,Design Suite Pro,Software,577.86,756.11,Core
P0254,Cloud Backup Max,Software,58.42,91.71,Core
P0255,Vacuum Cleaner 2026,Home,383.36,850.5,Seasonal
P0256,Bluetooth Speaker Lite,Electronics,733.6,1092.89,Premium
P0257,Phone Case Pro,Accessories,476.88,855.7,Premium
P0258,Smart Scale Lite,Fitness,374.73,531.64,Seasonal
P0259,Power Bank Lite,Electronics,743.38,1405.41,Premium
P0260,Yoga Mat 2026,Fitness,789.99,1321.18,Premium
P0261,Cloud Backup Pro,Software,307.9,476.74,Core
P0262,USB-C Cable 2025,Accessories,722.01,1199.37,Core
P0263,Keyboard Max,Office,322.21,423.35,Premium
P0264,Smart Bulb 2025,Home,748.44,1075.95,Core
P0265,Laptop Stand Max,Accessories,633.04,1094.42,Core
P0266,Analytics Pro Lite,Software,896.23,1417.04,Premium
P0267,Desk Lamp Max,Office,586.97,862.33,Premium
P0268,Vacuum Cleaner Max,Home,77.01,162.22,Premium
P0269,Fitness Band Lite,Fitness,219.88,328.29,Core
P0270,Monitor 2025,Office,694.19,1247.35,Premium
P0271,Power Bank 2026,Electronics,833.72,1244.74,Core
P0272,Wireless Earbuds 2025,Electronics,817.38,1398.74,Seasonal
P0273,Mixer Grinder Max,Home,410.13,611.01,Core
P0274,Laptop Stand Lite,Accessories,378.83,579.58,Seasonal
P0275,Keyboard Plus,Office,44.38,99.98,Seasonal
P0276,Cloud Backup Pro,Software,295.04,523.81,Seasonal
P0277,Travel Adapter Max,Accessories,128.17,211.82,Seasonal
P0278,Team Collaboration Plus,Software,546.25,1046.96,Seasonal
P0279,Mixer Grinder 2025,Home,606.48,927.56,Core
P0280,Smartwatch 2025,Electronics,908.11,1407.75,Premium
P0281,Keyboard 2025,Office,422.99,608.59,Seasonal
P0282,Smart Bulb Max,Home,148.4,294.97,Premium
P0283,Smart Scale Lite,Fitness,493.28,802.94,Seasonal
P0284,Mixer Grinder Pro,Home,158.72,225.55,Seasonal
P0285,Power Bank 2026,Electronics,65.04,84.45,Core
P0286,Resistance Set 2026,Fitness,739.71,1405.22,Seasonal
P0287,Travel Adapter Plus,Accessories,1067.84,1415.52,Seasonal
P0288,Design Suite 2025,Software,585.89,826.12,Premium
P0289,Smartwatch Plus,Electronics,229.73,326.44,Premium
P0290,Analytics Pro Max,Software,319.43,676.57,Core
P0291,Resistance Set Plus,Fitness,415.38,601.84,Seasonal
P0292,Yoga Mat 2026,Fitness,710.1,1450.09,Seasonal
P0293,Design Suite Pro,Software,325.96,744.36,Premium
P0294,Vacuum Cleaner Plus,Home,143.99,268.87,Premium
P0295,Smart Scale 2025,Fitness,80.7,171.41,Core
P0296,Vacuum Cleaner Plus,Home,420.21,569.04,Premium
P0297,Wireless Earbuds Pro,Electronics,27.59,54.72,Core
P0298,Power Bank Lite,Electronics,837.69,1154.16,Core
P0299,Design Suite Plus,Software,23.3,33.39,Core
P0300,Cloud Backup 2026,Software,756.34,1041.87,Seasonal
P0301,Mouse 2025,Office,706.12,927.99,Premium
P0302,Smart Bulb 2026,Home,810.9,1226.14,Core
P0303,Smartwatch Pro,Electronics,475.74,1115.7,Premium
P0304,Wireless Earbuds Pro,Electronics,422.03,878.32,Premium
P0305,Team Collaboration Lite,Software,540.75,740.76,Core
P0306,Wireless Earbuds Plus,Electronics,397.11,562.49,Premium
P0307,Monitor 2025,Office,549.57,803.71,Core
P0308,Team Collaboration 2025,Software,179.7,308.56,Seasonal
P0309,Cloud Backup 2025,Software,1121.16,1493.82,Core
P0310,Bluetooth Speaker 2025,Electronics,216.28,309.88,Seasonal
P0311,Bluetooth Speaker Plus,Electronics,856.53,1346.42,Premium
P0312,Phone Case 2025,Accessories,663.99,1425.75,Premium
P0313,Smartwatch Plus,Electronics,251.35,541.39,Core
P0314,Phone Case Pro,Accessories,795.02,1419.58,Premium
P0315,Bluetooth Speaker Lite,Electronics,720.95,1051.57,Seasonal
P0316,Cloud Backup Plus,Software,756.5,970.95,Premium
P0317,Wireless Earbuds Max,Electronics,96.6,124.92,Premium
P0318,Resistance Set Lite,Fitness,334.86,523.68,Core
P0319,Phone Case Max,Accessories,314.27,647.03,Core
P0320,Resistance Set Lite,Fitness,624.45,1481.47,Premium
P0321,Smart Bulb Lite,Home,978.9,1280.51,Core
P0322,Power Bank Max,Electronics,627.14,1099.17,Premium
P0323,Vacuum Cleaner Lite,Home,229.5,332.24,Core
P0324,Travel Adapter Lite,Accessories,770.84,997.1,Seasonal
P0325,Team Collaboration Max,Software,771.59,995.29,Premium
P0326,Analytics Pro Pro,Software,530.97,796.33,Premium
P0327,Cloud Backup 2026,Software,1062.78,1448.92,Seasonal
P0328,Analytics Pro Pro,Software,749.15,979.14,Premium
P0329,Cloud Backup 2026,Software,572.83,1000.58,Premium
P0330,Air Purifier 2025,Home,1013.78,1307.65,Core
P0331,Travel Adapter 2025,Accessories,176.98,365.74,Core
P0332,Mouse Lite,Office,784.98,1411.85,Seasonal
P0333,Monitor 2025,Office,1002.64,1455.18,Seasonal
P0334,Fitness Band 2026,Fitness,382.59,605.12,Seasonal
P0335,Smart Scale 2025,Fitness,577.46,744.3,Premium
P0336,Power Bank 2025,Electronics,24.04,38.93,Seasonal
P0337,Air Purifier Pro,Home,216.16,306.49,Core
P0338,Team Collaboration 2025,Software,265.73,359.79,Premium
P0339,Team Collaboration Max,Software,931.4,1341.86,Premium
P0340,Analytics Pro Lite,Software,293.88,652.53,Premium
P0341,Team Collaboration 2025,Software,577.6,901.12,Premium
P0342,Bluetooth Speaker Plus,Electronics,658.92,893.08,Core
P0343,USB-C Cable 2025,Accessories,498.75,690.64,Premium
P0344,USB-C Cable Max,Accessories,537.99,1255.21,Premium
P0345,Monitor Max,Office,325.58,458.59,Seasonal
P0346,Analytics Pro 2026,Software,374.75,867.05,Core
P0347,Smart Bulb 2026,Home,230.21,455.0,Seasonal
P0348,Phone Case Lite,Accessories,299.53,499.94,Core
P0349,Smart Bulb 2026,Home,742.23,1333.55,Premium
P0350,Analytics Pro Max,Software,540.61,1134.76,Premium
P0351,Design Suite Pro,Software,147.31,207.7,Premium
P0352,Mouse Lite,Office,114.52,160.0,Core
P0353,Smart Bulb 2026,Home,58.86,79.88,Core
P0354,Travel Adapter 2026,Accessories,810.23,1233.93,Core
P0355,Design Suite 2026,Software,375.75,709.59,Core
P0356,Team Collaboration 2026,Software,743.02,1114.11,Core
P0357,Laptop Stand Max,Accessories,746.21,1027.54,Premium
P0358,Yoga Mat 2025,Fitness,723.79,1338.68,Premium
P0359,Fitness Band 2026,Fitness,227.23,330.57,Core
P0360,Smart Scale 2025,Fitness,534.4,1026.71,Seasonal
P0361,Cloud Backup Plus,Software,535.01,1154.14,Premium
P0362,Vacuum Cleaner Pro,Home,609.68,1410.54,Premium
P0363,Phone Case Max,Accessories,761.52,1179.33,Seasonal
P0364,Mouse 2025,Office,180.92,273.25,Core
P0365,Cloud Backup 2025,Software,242.53,393.68,Seasonal
P0366,Desk Lamp Pro,Office,234.79,356.61,Core
P0367,Wireless Earbuds 2025,Electronics,880.45,1318.02,Core
P0368,Fitness Band 2026,Fitness,837.82,1074.79,Premium
P0369,Cloud Backup Plus,Software,368.29,715.07,Core
P0370,Mixer Grinder Plus,Home,893.41,1448.19,Premium
P0371,Vacuum Cleaner Max,Home,119.87,259.38,Premium
P0372,Bluetooth Speaker 2026,Electronics,642.24,1087.82,Premium
P0373,Travel Adapter Pro,Accessories,158.12,321.74,Seasonal
P0374,Smartwatch 2025,Electronics,139.02,327.9,Premium
P0375,Phone Case Plus,Accessories,705.36,974.29,Seasonal
P0376,Cloud Backup 2025,Software,712.52,1176.57,Premium
P0377,Smart Scale 2025,Fitness,642.83,972.77,Seasonal
P0378,Phone Case 2025,Accessories,221.79,348.88,Core
P0379,Keyboard Plus,Office,679.8,1231.35,Seasonal
P0380,Desk Lamp Lite,Office,74.54,127.03,Premium
P0381,Smart Bulb Max,Home,393.34,585.1,Core
P0382,Cloud Backup Pro,Software,271.12,355.19,Core
P0383,Yoga Mat Plus,Fitness,113.26,246.87,Premium
P0384,Mixer Grinder 2025,Home,610.37,1112.5,Seasonal
P0385,Keyboard Pro,Office,311.18,668.83,Premium
P0386,Travel Adapter Plus,Accessories,232.6,392.74,Premium
P0387,Resistance Set 2026,Fitness,796.86,1063.53,Core
P0388,Cloud Backup Lite,Software,275.23,480.25,Core
P0389,USB-C Cable Pro,Accessories,568.63,921.35,Premium
P0390,Bluetooth Speaker Plus,Electronics,567.44,877.49,Seasonal
P0391,Mouse Plus,Office,234.73,542.26,Seasonal
P0392,Smart Bulb Pro,Home,727.61,1427.61,Core
P0393,USB-C Cable 2025,Accessories,443.92,725.41,Seasonal
P0394,Monitor Max,Office,775.7,1270.38,Core
P0395,Wireless Earbuds Pro,Electronics,596.08,1083.36,Core
P0396,Cloud Backup Pro,Software,625.74,1219.11,Seasonal
P0397,Fitness Band 2025,Fitness,31.28,41.55,Premium
P0398,Team Collaboration 2025,Software,677.29,967.78,Premium
P0399,Resistance Set Pro,Fitness,68.46,112.3,Seasonal
P0400,Wireless Earbuds Max,Electronics,631.32,1378.4,Premium
P0401,Vacuum Cleaner Lite,Home,689.44,1402.1,Seasonal
P0402,Resistance Set Max,Fitness,754.92,1425.29,Seasonal
P0403,Laptop Stand Max,Accessories,10.2,22.16,Premium
P0404,Monitor Lite,Office,265.55,575.07,Core
P0405,Monitor Plus,Office,101.4,173.03,Seasonal
P0406,Team Collaboration Lite,Software,38.52,77.37,Core
P0407,Desk Lamp Lite,Office,489.1,702.81,Seasonal
P0408,Bluetooth Speaker Lite,Electronics,735.76,1328.24,Core
P0409,Design Suite 2025,Software,729.06,1304.81,Seasonal
P0410,Keyboard 2025,Office,517.23,1163.95,Core
P0411,Power Bank Plus,Electronics,963.13,1391.74,Core
P0412,Bluetooth Speaker Pro,Electronics,911.32,1344.67,Premium
P0413,Laptop Stand 2025,Accessories,577.62,795.62,Seasonal
P0414,Smart Scale 2025,Fitness,440.52,804.36,Core
P0415,Bluetooth Speaker Plus,Electronics,778.41,1124.62,Premium
P0416,Mixer Grinder Max,Home,49.38,94.6,Core
P0417,Keyboard Max,Office,14.89,22.21,Core
P0418,Fitness Band Max,Fitness,947.68,1422.26,Seasonal
P0419,Power Bank 2026,Electronics,676.09,907.88,Premium
P0420,Air Purifier Plus,Home,333.83,542.92,Premium
P0421,Yoga Mat Plus,Fitness,106.96,149.66,Premium
P0422,Vacuum Cleaner 2026,Home,461.98,1079.7,Seasonal
P0423,Team Collaboration Plus,Software,794.66,1197.63,Seasonal
P0424,Vacuum Cleaner 2026,Home,210.08,441.88,Core
P0425,Resistance Set 2026,Fitness,596.84,773.53,Seasonal
P0426,Cloud Backup Plus,Software,175.72,293.53,Core
P0427,Smartwatch Max,Electronics,506.47,1115.15,Premium
P0428,Travel Adapter Plus,Accessories,787.73,1240.15,Core
P0429,Keyboard Lite,Office,452.87,1062.36,Core
P0430,Mixer Grinder Max,Home,164.56,299.94,Premium
P0431,Keyboard Max,Office,949.57,1461.82,Core
P0432,Smart Bulb Plus,Home,897.13,1484.17,Core
P0433,Mouse 2025,Office,461.02,682.03,Premium
P0434,Vacuum Cleaner Max,Home,653.45,907.33,Seasonal
P0435,Phone Case 2026,Accessories,496.52,937.42,Premium
P0436,USB-C Cable Max,Accessories,1014.3,1351.61,Premium
P0437,Air Purifier Lite,Home,298.09,622.8,Seasonal
P0438,USB-C Cable Plus,Accessories,657.67,1124.1,Seasonal
P0439,Wireless Earbuds 2025,Electronics,235.67,381.36,Premium
P0440,Smartwatch Plus,Electronics,579.57,1022.87,Premium
P0441,Phone Case Lite,Accessories,715.97,1238.9,Core
P0442,Phone Case Pro,Accessories,542.59,934.8,Core
P0443,Smart Scale 2025,Fitness,677.15,1011.09,Premium
P0444,Keyboard Pro,Office,803.24,1157.85,Premium
P0445,Laptop Stand Lite,Accessories,78.53,160.15,Premium
P0446,Fitness Band Pro,Fitness,571.16,1136.19,Premium
P0447,Monitor Pro,Office,501.65,988.41,Premium
P0448,Resistance Set 2025,Fitness,599.15,1120.24,Seasonal
P0449,Smart Scale 2025,Fitness,10.18,23.62,Core
P0450,Wireless Earbuds Plus,Electronics,790.07,1075.15,Premium
P0451,Smartwatch Pro,Electronics,115.96,270.46,Core
P0452,Cloud Backup Pro,Software,438.75,993.96,Premium
P0453,Resistance Set Pro,Fitness,331.2,567.85,Core
P0454,Laptop Stand Lite,Accessories,840.01,1251.9,Seasonal
P0455,Smart Scale 2025,Fitness,874.56,1174.37,Seasonal
P0456,Team Collaboration Lite,Software,158.41,297.95,Premium
P0457,Smartwatch Pro,Electronics,1048.02,1356.65,Seasonal
P0458,Monitor 2025,Office,546.02,952.95,Core
P0459,Bluetooth Speaker Pro,Electronics,345.57,707.74,Core
P0460,Vacuum Cleaner Lite,Home,407.7,547.0,Core
P0461,Mouse 2026,Office,330.54,608.03,Core
P0462,Laptop Stand Lite,Accessories,169.67,293.79,Core
P0463,Keyboard 2025,Office,851.46,1120.53,Premium
P0464,Desk Lamp 2025,Office,667.23,1093.53,Seasonal
P0465,Keyboard Pro,Office,575.87,1217.74,Seasonal
P0466,USB-C Cable Plus,Accessories,807.6,1353.32,Premium
P0467,Yoga Mat Pro,Fitness,147.58,198.64,Core
P0468,Monitor Max,Office,238.76,318.85,Core
P0469,Smartwatch Max,Electronics,23.14,41.71,Seasonal
P0470,Power Bank 2026,Electronics,615.71,1140.55,Core
P0471,Team Collaboration 2025,Software,651.75,1147.23,Premium
P0472,Cloud Backup Max,Software,250.28,457.59,Seasonal
P0473,Desk Lamp 2026,Office,463.53,635.61,Core
P0474,Smart Bulb 2025,Home,576.15,1165.02,Premium
P0475,Mouse Pro,Office,22.33,34.97,Premium
P0476,Smartwatch Pro,Electronics,208.97,423.67,Premium
P0477,Bluetooth Speaker Max,Electronics,29.51,49.56,Seasonal
P0478,Yoga Mat 2026,Fitness,315.85,551.48,Core
P0479,Air Purifier Max,Home,742.93,1018.53,Core
P0480,Smart Scale 2026,Fitness,539.23,1007.97,Core
P0481,Desk Lamp Plus,Office,114.33,251.16,Premium
P0482,Smart Bulb Plus,Home,79.34,156.8,Premium
P0483,Desk Lamp 2025,Office,158.41,279.83,Seasonal
P0484,Laptop Stand 2025,Accessories,506.41,811.08,Core
P0485,Yoga Mat Lite,Fitness,718.82,1266.64,Core
P0486,Desk Lamp Pro,Office,637.44,1212.85,Seasonal
P0487,Vacuum Cleaner Max,Home,39.13,76.75,Premium
P0488,Power Bank 2026,Electronics,159.21,260.33,Premium
P0489,Team Collaboration Max,Software,217.06,337.48,Seasonal
P0490,Keyboard Max,Office,332.07,634.41,Core
P0491,Design Suite Max,Software,608.87,881.72,Core
P0492,Smart Bulb Pro,Home,762.55,1489.54,Seasonal
P0493,Keyboard Pro,Office,652.13,850.36,Premium
P0494,Fitness Band 2026,Fitness,331.66,716.39,Core
P0495,Phone Case 2025,Accessories,438.42,795.57,Seasonal
P0496,Smartwatch 2026,Electronics,986.06,1418.17,Seasonal
P0497,Design Suite 2025,Software,1061.53,1436.43,Core
P0498,Air Purifier Max,Home,19.67,46.64,Core
P0499,Resistance Set Pro,Fitness,594.74,872.62,Premium
P0500,Cloud Backup 2025,Software,124.84,271.87,Seasonal
P0501,Smart Bulb Lite,Home,86.47,124.99,Seasonal
P0502,Analytics Pro Lite,Software,497.7,948.41,Core
P0503,Monitor Max,Office,701.01,1185.32,Seasonal
P0504,Phone Case Plus,Accessories,883.6,1407.73,Seasonal
P0505,Mixer Grinder Max,Home,653.03,1466.07,Premium
P0506,Phone Case Pro,Accessories,25.41,50.47,Core
P0507,Power Bank Plus,Electronics,717.97,1066.71,Premium
P0508,Keyboard 2026,Office,990.3,1459.62,Premium
P0509,Team Collaboration Pro,Software,1060.68,1418.33,Seasonal
P0510,Laptop Stand Pro,Accessories,539.68,1002.74,Core
P0511,Keyboard Plus,Office,568.32,976.96,Core
P0512,Monitor Plus,Office,82.73,110.19,Seasonal
P0513,Smart Bulb 2026,Home,76.49,144.07,Core
P0514,Laptop Stand Pro,Accessories,67.21,117.68,Seasonal
P0515,Air Purifier 2026,Home,884.66,1411.26,Premium
P0516,Travel Adapter Pro,Accessories,47.99,90.58,Premium
P0517,Keyboard Lite,Office,860.91,1225.63,Premium
P0518,Laptop Stand 2026,Accessories,405.11,523.27,Seasonal
P0519,Smartwatch Lite,Electronics,27.14,61.46,Seasonal
P0520,Air Purifier Max,Home,972.02,1498.63,Seasonal
P0521,Design Suite Lite,Software,404.91,686.46,Premium
P0522,Air Purifier Max,Home,722.84,1304.18,Premium
P0523,Desk Lamp 2025,Office,508.02,969.5,Premium
P0524,Bluetooth Speaker Max,Electronics,178.45,372.7,Core
P0525,Keyboard 2026,Office,374.01,811.19,Premium
P0526,Smartwatch Plus,Electronics,405.04,948.09,Premium
P0527,Bluetooth Speaker Pro,Electronics,93.37,198.55,Core
P0528,Mixer Grinder Pro,Home,358.61,581.94,Core
P0529,Smart Bulb 2025,Home,569.01,909.53,Core
P0530,Fitness Band Max,Fitness,330.59,567.13,Seasonal
P0531,Analytics Pro Lite,Software,797.74,1160.48,Premium
P0532,Fitness Band Pro,Fitness,224.96,451.78,Core
P0533,Laptop Stand 2026,Accessories,538.62,842.36,Seasonal
P0534,Design Suite Lite,Software,451.58,944.33,Premium
P0535,Monitor Lite,Office,338.43,493.26,Core
P0536,Smart Scale Lite,Fitness,775.4,1028.22,Core
P0537,Resistance Set Pro,Fitness,910.0,1357.09,Core
P0538,Desk Lamp Plus,Office,569.59,842.53,Seasonal
P0539,Smart Scale 2025,Fitness,562.85,745.25,Premium
P0540,Vacuum Cleaner 2026,Home,452.37,1067.25,Core
P0541,Desk Lamp Plus,Office,443.25,723.06,Premium
P0542,Yoga Mat 2026,Fitness,547.78,715.32,Premium
P0543,Vacuum Cleaner Lite,Home,55.03,116.25,Seasonal
P0544,Analytics Pro 2026,Software,934.02,1496.79,Core
P0545,Desk Lamp Plus,Office,737.69,975.3,Core
P0546,Resistance Set Max,Fitness,542.26,1021.32,Premium
P0547,Analytics Pro Lite,Software,547.84,914.34,Core
P0548,Mouse 2025,Office,600.56,1095.58,Seasonal
P0549,Yoga Mat Pro,Fitness,698.28,1177.24,Core
P0550,Wireless Earbuds Lite,Electronics,633.55,1023.55,Core
P0551,Monitor Pro,Office,84.02,162.76,Seasonal
P0552,Travel Adapter Pro,Accessories,208.89,274.84,Core
P0553,USB-C Cable Plus,Accessories,232.09,546.35,Seasonal
P0554,Mouse 2026,Office,347.41,754.41,Premium
P0555,Travel Adapter 2025,Accessories,677.74,964.46,Premium
P0556,Fitness Band Plus,Fitness,420.09,923.13,Premium
P0557,Yoga Mat Pro,Fitness,149.17,221.29,Core
P0558,Smart Bulb Pro,Home,33.87,62.7,Seasonal
P0559,Smartwatch Lite,Electronics,644.59,1287.77,Premium
P0560,Yoga Mat 2025,Fitness,570.47,1071.81,Seasonal
P0561,Mixer Grinder Plus,Home,398.19,676.6,Premium
P0562,Vacuum Cleaner Max,Home,141.98,192.91,Core
P0563,USB-C Cable Max,Accessories,128.6,184.92,Premium
P0564,Mouse Pro,Office,479.56,800.76,Core
P0565,Wireless Earbuds Lite,Electronics,257.34,442.94,Premium
P0566,Phone Case Pro,Accessories,684.94,1344.22,Premium
P0567,USB-C Cable 2026,Accessories,114.87,214.09,Premium
P0568,Wireless Earbuds 2025,Electronics,526.54,691.09,Premium
P0569,Wireless Earbuds 2025,Electronics,741.81,1078.73,Premium
P0570,Monitor Lite,Office,375.13,736.14,Core
P0571,Air Purifier Plus,Home,1073.42,1480.67,Core
P0572,Fitness Band Pro,Fitness,760.58,1406.3,Seasonal
P0573,Smartwatch 2025,Electronics,476.43,745.31,Seasonal
P0574,Laptop Stand 2025,Accessories,608.01,1424.25,Premium
P0575,Smart Bulb Lite,Home,752.38,1274.61,Core
P0576,Design Suite 2025,Software,68.55,94.37,Seasonal
P0577,Keyboard 2025,Office,135.43,299.63,Seasonal
P0578,Team Collaboration Lite,Software,579.59,921.79,Premium
P0579,Vacuum Cleaner 2026,Home,556.12,1258.34,Core
P0580,Analytics Pro Lite,Software,452.34,687.81,Premium
P0581,Desk Lamp 2025,Office,162.14,345.17,Premium
P0582,Wireless Earbuds 2025,Electronics,462.8,662.76,Premium
P0583,Monitor 2025,Office,270.24,602.31,Premium
P0584,Smart Scale Max,Fitness,218.85,424.07,Premium
P0585,Laptop Stand Max,Accessories,634.01,1176.35,Core
P0586,Resistance Set 2026,Fitness,15.12,26.31,Seasonal
P0587,Bluetooth Speaker Plus,Electronics,428.1,633.3,Premium
P0588,Vacuum Cleaner 2025,Home,73.51,117.83,Seasonal
P0589,Smart Bulb Max,Home,35.5,72.58,Seasonal
P0590,Team Collaboration 2026,Software,1077.67,1440.85,Core
P0591,Smart Scale 2026,Fitness,1056.86,1455.66,Core
P0592,Analytics Pro 2026,Software,167.23,266.72,Seasonal
P0593,Travel Adapter 2026,Accessories,493.6,640.07,Core
P0594,Team Collaboration Plus,Software,306.12,525.77,Seasonal
P0595,Smart Bulb Pro,Home,446.45,973.73,Seasonal
P0596,Laptop Stand 2026,Accessories,501.05,924.81,Core
P0597,Vacuum Cleaner Pro,Home,410.93,531.31,Core
P0598,Fitness Band Pro,Fitness,618.9,1226.92,Seasonal
P0599,Laptop Stand 2025,Accessories,442.69,1035.55,Seasonal
P0600,Mouse Max,Office,278.02,493.99,Premium
P0601,Smartwatch Plus,Electronics,232.22,356.03,Seasonal
P0602,Design Suite Lite,Software,408.63,755.71,Seasonal
P0603,Travel Adapter Lite,Accessories,574.92,1358.31,Premium
P0604,Vacuum Cleaner Pro,Home,372.78,610.06,Core
P0605,Fitness Band Lite,Fitness,261.02,433.83,Seasonal
P0606,Cloud Backup 2025,Software,563.41,1259.5,Premium
P0607,Smart Bulb Plus,Home,176.21,396.9,Seasonal
P0608,Desk Lamp Max,Office,19.2,40.25,Premium
P0609,Power Bank Max,Electronics,795.44,1064.98,Seasonal
P0610,Travel Adapter Plus,Accessories,661.98,1299.07,Seasonal
P0611,Monitor Lite,Office,344.92,593.87,Seasonal
P0612,Analytics Pro Pro,Software,932.05,1269.18,Core
P0613,Smartwatch Pro,Electronics,265.24,394.39,Premium
P0614,Monitor Plus,Office,909.96,1240.22,Seasonal
P0615,Wireless Earbuds Pro,Electronics,600.06,1185.62,Seasonal
P0616,Monitor Lite,Office,681.29,1205.47,Core
P0617,Phone Case Plus,Accessories,18.4,28.23,Premium
P0618,Smart Scale Max,Fitness,318.78,533.15,Seasonal
P0619,Mixer Grinder 2026,Home,124.0,189.96,Premium
P0620,Monitor Pro,Office,479.12,1100.7,Seasonal
P0621,Air Purifier Max,Home,951.27,1398.28,Premium
P0622,Smart Scale Pro,Fitness,638.96,1068.38,Core
P0623,Yoga Mat 2025,Fitness,91.99,190.31,Seasonal
P0624,Desk Lamp 2026,Office,757.67,1131.14,Seasonal
P0625,Smart Bulb Plus,Home,222.59,434.03,Core
P0626,Cloud Backup Plus,Software,456.75,619.33,Core
P0627,Smart Scale Pro,Fitness,340.23,497.57,Seasonal
P0628,Keyboard 2026,Office,102.2,238.15,Premium
P0629,Desk Lamp Max,Office,57.58,74.67,Premium
P0630,Bluetooth Speaker 2025,Electronics,582.82,780.73,Seasonal
P0631,Smart Scale 2026,Fitness,535.46,731.1,Premium
P0632,Design Suite Lite,Software,209.07,305.74,Premium
P0633,Smart Bulb Max,Home,63.6,100.18,Core
P0634,Team Collaboration Plus,Software,145.47,193.9,Seasonal
P0635,Keyboard Pro,Office,57.43,77.51,Core
P0636,Mixer Grinder 2026,Home,885.47,1347.23,Premium
P0637,Team Collaboration Plus,Software,124.77,209.88,Premium
P0638,Monitor Lite,Office,863.86,1239.57,Seasonal
P0639,Vacuum Cleaner Max,Home,864.79,1385.88,Core
P0640,Resistance Set 2025,Fitness,35.82,60.63,Seasonal
P0641,Yoga Mat 2026,Fitness,844.46,1329.15,Premium
P0642,Yoga Mat Plus,Fitness,761.65,1142.97,Core
P0643,Bluetooth Speaker Pro,Electronics,53.78,112.01,Core
P0644,Smart Scale Lite,Fitness,445.73,644.17,Core
P0645,Design Suite 2026,Software,733.5,1331.6,Seasonal
P0646,Laptop Stand Pro,Accessories,811.24,1199.74,Core
P0647,Laptop Stand Max,Accessories,403.51,598.36,Seasonal
P0648,USB-C Cable 2026,Accessories,122.0,168.06,Core
P0649,Design Suite 2025,Software,651.25,857.14,Premium
P0650,Resistance Set Pro,Fitness,219.4,430.38,Seasonal
P0651,Analytics Pro Plus,Software,427.44,692.63,Premium
P0652,Wireless Earbuds Max,Electronics,99.01,195.41,Premium
P0653,Laptop Stand Lite,Accessories,140.43,229.43,Seasonal
P0654,Keyboard 2025,Office,613.77,970.24,Core
P0655,Vacuum Cleaner Max,Home,586.42,1281.43,Core
P0656,Keyboard Pro,Office,590.85,1065.73,Core
P0657,Smart Scale 2025,Fitness,470.69,754.59,Core
P0658,Smartwatch 2026,Electronics,368.14,609.25,Core
P0659,Yoga Mat 2026,Fitness,445.89,749.78,Core
P0660,Wireless Earbuds Plus,Electronics,598.7,1392.72,Premium
P0661,Resistance Set Max,Fitness,881.87,1267.01,Seasonal
P0662,Desk Lamp Pro,Office,420.3,583.45,Core
P0663,Phone Case Lite,Accessories,438.36,842.89,Seasonal
P0664,Cloud Backup Pro,Software,340.51,439.79,Seasonal
P0665,Mouse Max,Office,77.8,120.69,Premium
P0666,Mixer Grinder 2026,Home,80.41,129.89,Premium
P0667,Mixer Grinder 2026,Home,105.46,185.3,Core
P0668,Wireless Earbuds Lite,Electronics,49.38,63.32,Core
P0669,Vacuum Cleaner 2026,Home,414.16,759.07,Core
P0670,Phone Case Lite,Accessories,728.94,1153.48,Premium
P0671,Analytics Pro Lite,Software,151.79,197.84,Seasonal
P0672,Bluetooth Speaker Pro,Electronics,442.76,792.47,Premium
P0673,Smart Bulb Lite,Home,157.01,285.7,Seasonal
P0674,Laptop Stand 2025,Accessories,455.35,772.89,Seasonal
P0675,Cloud Backup Max,Software,143.4,190.52,Premium
P0676,Monitor Lite,Office,88.4,185.45,Core
P0677,Analytics Pro Max,Software,365.04,475.8,Premium
P0678,Power Bank Lite,Electronics,313.13,689.12,Seasonal
P0679,Team Collaboration Plus,Software,407.19,840.43,Core
P0680,Phone Case 2026,Accessories,399.39,527.31,Core
P0681,Bluetooth Speaker Pro,Electronics,931.7,1234.35,Core
P0682,Fitness Band 2025,Fitness,687.44,1437.47,Premium
P0683,Mouse Lite,Office,281.7,585.9,Seasonal
P0684,Fitness Band Lite,Fitness,754.78,1310.13,Seasonal
P0685,Fitness Band Max,Fitness,1002.97,1472.66,Core
P0686,Bluetooth Speaker Plus,Electronics,629.73,1313.42,Core
P0687,Team Collaboration Max,Software,796.14,1141.01,Premium
P0688,Design Suite Lite,Software,528.6,785.91,Core
P0689,USB-C Cable Pro,Accessories,627.03,1308.29,Core
P0690,USB-C Cable Lite,Accessories,1006.49,1450.15,Premium
P0691,Resistance Set Plus,Fitness,829.21,1143.57,Core
P0692,Design Suite 2025,Software,68.87,150.23,Core
P0693,Desk Lamp Max,Office,414.97,858.9,Seasonal
P0694,Yoga Mat 2025,Fitness,80.53,104.08,Core
P0695,Smartwatch Plus,Electronics,404.59,765.16,Core
P0696,Keyboard 2026,Office,414.25,637.01,Seasonal
P0697,Monitor Max,Office,346.98,518.79,Core
P0698,Analytics Pro Plus,Software,117.04,222.23,Seasonal
P0699,Desk Lamp Lite,Office,760.54,1268.77,Seasonal
P0700,USB-C Cable 2025,Accessories,433.71,948.5,Core
P0701,Design Suite Lite,Software,44.05,71.48,Core
P0702,USB-C Cable 2025,Accessories,946.32,1485.83,Seasonal
P0703,Fitness Band Lite,Fitness,251.56,580.49,Seasonal
P0704,Team Collaboration 2025,Software,448.25,605.23,Premium
P0705,Power Bank Plus,Electronics,498.56,656.71,Premium
P0706,Mouse Lite,Office,309.48,696.98,Premium
P0707,Phone Case Lite,Accessories,668.34,927.12,Premium
P0708,Monitor Pro,Office,411.69,644.98,Core
P0709,Fitness Band Lite,Fitness,720.19,1108.8,Seasonal
P0710,Mouse Plus,Office,241.77,401.19,Core
P0711,Desk Lamp Max,Office,341.75,488.19,Seasonal
P0712,Vacuum Cleaner Max,Home,510.25,842.96,Core
P0713,Design Suite 2026,Software,313.83,524.97,Premium
P0714,Keyboard Plus,Office,615.76,1234.63,Seasonal
P0715,Vacuum Cleaner Pro,Home,260.56,394.37,Core
P0716,Laptop Stand Lite,Accessories,590.96,771.24,Core
P0717,Team Collaboration Plus,Software,219.32,340.06,Premium
P0718,Bluetooth Speaker 2025,Electronics,119.96,234.07,Premium
P0719,Fitness Band 2025,Fitness,148.49,205.49,Premium
P0720,Power Bank 2026,Electronics,381.04,517.0,Seasonal
P0721,Cloud Backup 2025,Software,530.09,1160.7,Premium
P0722,Mouse Max,Office,618.21,1322.14,Premium
P0723,Cloud Backup 2025,Software,844.55,1128.94,Premium
P0724,Smart Bulb Plus,Home,58.68,121.94,Premium
P0725,Cloud Backup 2025,Software,412.55,552.7,Seasonal
P0726,Design Suite Lite,Software,51.05,112.68,Seasonal
P0727,Desk Lamp Max,Office,97.82,135.23,Premium
P0728,Cloud Backup Pro,Software,688.99,1280.84,Premium
P0729,Wireless Earbuds 2026,Electronics,912.79,1313.01,Seasonal
P0730,Travel Adapter 2025,Accessories,84.51,116.61,Seasonal
P0731,Mixer Grinder Plus,Home,625.87,962.63,Premium
P0732,Air Purifier 2026,Home,46.83,101.08,Premium
P0733,Smart Scale Lite,Fitness,90.85,176.76,Seasonal
P0734,Yoga Mat Pro,Fitness,679.56,1198.93,Seasonal
P0735,Resistance Set Max,Fitness,581.28,1220.36,Premium
P0736,Cloud Backup Max,Software,414.82,767.0,Seasonal
P0737,Cloud Backup Max,Software,328.13,712.39,Core
P0738,Smart Scale Max,Fitness,362.28,466.99,Premium
P0739,Travel Adapter Lite,Accessories,107.59,196.31,Premium
P0740,Mixer Grinder Plus,Home,10.11,22.35,Seasonal
P0741,Analytics Pro Max,Software,950.2,1441.95,Premium
P0742,Wireless Earbuds 2025,Electronics,527.4,912.25,Premium
P0743,Air Purifier Plus,Home,363.27,847.8,Premium
P0744,Cloud Backup Pro,Software,236.36,319.77,Core
P0745,Smart Bulb 2026,Home,558.48,823.41,Core
P0746,Keyboard Plus,Office,945.87,1448.35,Premium
P0747,Laptop Stand Pro,Accessories,388.49,882.96,Premium
P0748,Design Suite Pro,Software,271.48,441.47,Seasonal
P0749,Keyboard Pro,Office,607.92,1123.46,Core
P0750,Phone Case 2026,Accessories,149.65,340.2,Premium
P0751,Wireless Earbuds Max,Electronics,285.1,592.56,Core
P0752,Wireless Earbuds 2025,Electronics,633.16,1032.55,Premium
P0753,Monitor Pro,Office,1094.45,1417.49,Premium
P0754,Team Collaboration Max,Software,483.77,1100.23,Premium
P0755,Air Purifier Lite,Home,196.93,438.26,Seasonal
P0756,Travel Adapter Max,Accessories,473.92,774.12,Premium
P0757,Vacuum Cleaner Pro,Home,688.46,1123.41,Core
P0758,Smartwatch Lite,Electronics,574.85,766.12,Seasonal
P0759,Monitor 2026,Office,756.4,1228.57,Core
P0760,Smart Bulb Lite,Home,666.44,1179.87,Seasonal
P0761,Wireless Earbuds Pro,Electronics,221.31,473.55,Core
P0762,Yoga Mat 2026,Fitness,431.22,814.76,Premium
P0763,Desk Lamp Lite,Office,420.86,933.01,Seasonal
P0764,Desk Lamp 2025,Office,393.28,727.46,Seasonal
P0765,Smartwatch 2025,Electronics,96.32,192.94,Premium
P0766,Smart Bulb Max,Home,84.48,157.11,Premium
P0767,Wireless Earbuds 2026,Electronics,39.99,62.44,Premium
P0768,Travel Adapter 2026,Accessories,188.31,250.82,Core
P0769,Cloud Backup Max,Software,797.35,1196.16,Seasonal
P0770,Team Collaboration 2026,Software,895.27,1156.03,Premium
P0771,Smart Bulb Max,Home,480.16,715.32,Core
P0772,Mixer Grinder 2025,Home,626.66,1064.54,Core
P0773,Smart Bulb Max,Home,36.53,55.92,Seasonal
P0774,Smart Bulb Pro,Home,368.43,550.13,Premium
P0775,USB-C Cable Max,Accessories,675.05,954.07,Premium
P0776,Power Bank Max,Electronics,39.6,66.23,Premium
P0777,Fitness Band Max,Fitness,451.82,718.06,Premium
P0778,Keyboard Pro,Office,96.67,150.08,Premium
P0779,Mouse Lite,Office,637.96,1396.77,Premium
P0780,Vacuum Cleaner Plus,Home,239.04,381.08,Premium
P0781,Keyboard Plus,Office,1028.82,1366.49,Seasonal
P0782,Phone Case 2025,Accessories,566.06,1323.15,Core
P0783,Yoga Mat Pro,Fitness,996.89,1282.95,Seasonal
P0784,Analytics Pro Lite,Software,783.89,1057.65,Premium
P0785,Analytics Pro 2026,Software,857.99,1313.37,Premium
P0786,Smartwatch Max,Electronics,262.98,532.04,Seasonal
P0787,Monitor 2026,Office,171.86,232.59,Premium
P0788,Air Purifier Max,Home,507.17,920.4,Premium
P0789,Vacuum Cleaner Plus,Home,550.48,1239.49,Seasonal
P0790,Mixer Grinder Lite,Home,20.05,29.22,Seasonal
P0791,Cloud Backup 2025,Software,566.14,809.28,Premium
P0792,Smartwatch 2026,Electronics,362.75,477.68,Premium
P0793,Smartwatch Max,Electronics,284.07,622.44,Seasonal
P0794,Team Collaboration 2025,Software,582.72,982.58,Core
P0795,Smart Scale Max,Fitness,672.03,1324.15,Seasonal
P0796,Monitor Lite,Office,187.51,433.47,Seasonal
P0797,Fitness Band Max,Fitness,517.45,1082.13,Core
P0798,Resistance Set Lite,Fitness,409.12,802.81,Seasonal
P0799,Mixer Grinder 2025,Home,480.24,823.68,Core
P0800,Mixer Grinder 2026,Home,772.97,1104.39,Core
P0801,Phone Case Lite,Accessories,675.05,1242.35,Core
P0802,Desk Lamp Max,Office,330.22,711.52,Seasonal
P0803,Air Purifier Lite,Home,142.05,235.27,Premium
P0804,Smart Bulb 2026,Home,627.13,1250.12,Seasonal
P0805,Design Suite 2025,Software,14.67,23.68,Premium
P0806,Air Purifier Max,Home,367.95,776.2,Core
P0807,Mixer Grinder 2026,Home,574.76,845.63,Premium
P0808,Cloud Backup 2025,Software,137.31,223.52,Core
P0809,Keyboard Pro,Office,411.83,656.94,Core
P0810,Design Suite Max,Software,584.18,825.54,Premium
P0811,Fitness Band Pro,Fitness,564.13,887.16,Core
P0812,Fitness Band Pro,Fitness,531.9,1117.09,Premium
P0813,Wireless Earbuds Lite,Electronics,703.51,1088.22,Seasonal
P0814,Yoga Mat Pro,Fitness,301.37,477.35,Core
P0815,USB-C Cable 2026,Accessories,274.99,614.31,Premium
P0816,Fitness Band 2025,Fitness,222.11,337.57,Core
P0817,Bluetooth Speaker Lite,Electronics,559.43,782.97,Core
P0818,Mouse 2025,Office,553.93,907.12,Premium
P0819,Team Collaboration Pro,Software,320.31,462.09,Seasonal
P0820,Smart Scale 2025,Fitness,236.69,303.74,Core
P0821,Desk Lamp Max,Office,374.05,874.05,Core
P0822,Yoga Mat Plus,Fitness,215.37,316.48,Seasonal
P0823,Keyboard Max,Office,115.55,268.25,Seasonal
P0824,Smart Scale Max,Fitness,8.85,19.37,Core
P0825,Wireless Earbuds Max,Electronics,807.5,1199.81,Seasonal
P0826,Monitor 2026,Office,382.01,699.78,Core
P0827,Analytics Pro Max,Software,204.38,308.11,Seasonal
P0828,Mixer Grinder Pro,Home,262.2,585.79,Seasonal
P0829,Smart Scale Max,Fitness,872.47,1419.21,Core
P0830,Analytics Pro Max,Software,360.24,663.92,Seasonal
P0831,Mouse Max,Office,119.6,257.53,Premium
P0832,Analytics Pro 2025,Software,268.86,575.78,Core
P0833,Design Suite 2026,Software,339.7,590.97,Seasonal
P0834,Resistance Set 2026,Fitness,784.28,1104.07,Core
P0835,Travel Adapter Pro,Accessories,317.79,574.86,Seasonal
P0836,Analytics Pro 2025,Software,997.07,1475.3,Seasonal
P0837,Travel Adapter Max,Accessories,1097.03,1416.88,Premium
P0838,Bluetooth Speaker 2025,Electronics,64.92,143.91,Premium
P0839,USB-C Cable 2026,Accessories,199.95,316.83,Core
P0840,Desk Lamp 2025,Office,673.9,1132.5,Core
P0841,Team Collaboration Plus,Software,792.16,1329.36,Seasonal
P0842,USB-C Cable 2025,Accessories,155.85,338.1,Seasonal
P0843,Travel Adapter Plus,Accessories,539.95,1174.56,Core
P0844,Desk Lamp Lite,Office,1046.16,1440.78,Premium
P0845,Analytics Pro 2025,Software,173.95,336.32,Premium
P0846,Wireless Earbuds 2026,Electronics,153.98,200.41,Premium
P0847,Yoga Mat Max,Fitness,184.88,333.41,Seasonal
P0848,Travel Adapter Plus,Accessories,586.46,1174.63,Seasonal
P0849,Bluetooth Speaker Lite,Electronics,276.27,434.93,Core
P0850,Travel Adapter Lite,Accessories,430.49,588.43,Core
P0851,Yoga Mat 2026,Fitness,507.9,932.94,Core
P0852,Vacuum Cleaner Lite,Home,328.25,671.3,Seasonal
P0853,Smart Bulb Pro,Home,576.8,1117.72,Premium
P0854,Wireless Earbuds Pro,Electronics,801.67,1393.68,Seasonal
P0855,Smart Bulb Pro,Home,497.27,649.86,Seasonal
P0856,Power Bank Lite,Electronics,796.33,1072.22,Core
P0857,Wireless Earbuds 2025,Electronics,747.11,1001.33,Seasonal
P0858,USB-C Cable 2026,Accessories,47.78,108.27,Core
P0859,Resistance Set 2026,Fitness,165.13,356.48,Premium
P0860,Laptop Stand Max,Accessories,37.04,55.55,Premium
P0861,Power Bank 2025,Electronics,385.41,552.71,Seasonal
P0862,Keyboard 2026,Office,508.03,1064.3,Seasonal
P0863,Smartwatch Plus,Electronics,370.03,521.94,Premium
P0864,Mouse Lite,Office,100.77,232.36,Core
P0865,Phone Case Max,Accessories,744.34,1378.93,Seasonal
P0866,Air Purifier 2025,Home,771.86,1284.78,Core
P0867,Design Suite Pro,Software,790.84,1240.69,Seasonal
P0868,Cloud Backup Lite,Software,426.92,572.09,Seasonal
P0869,Mixer Grinder 2025,Home,249.11,489.61,Premium
P0870,Design Suite 2025,Software,350.69,653.91,Core
P0871,Smart Scale 2025,Fitness,770.36,1330.25,Core
P0872,Phone Case Lite,Accessories,426.32,948.93,Core
P0873,Smart Scale Pro,Fitness,834.38,1275.21,Seasonal
P0874,Cloud Backup Max,Software,720.88,1387.31,Premium
P0875,Team Collaboration Pro,Software,467.29,866.11,Premium
P0876,Travel Adapter Pro,Accessories,663.87,1143.84,Seasonal
P0877,Keyboard 2025,Office,365.3,530.91,Premium
P0878,Resistance Set Lite,Fitness,200.81,465.14,Core
P0879,Team Collaboration Max,Software,1021.6,1440.3,Core
P0880,Cloud Backup 2026,Software,737.07,1275.9,Core
P0881,Vacuum Cleaner 2025,Home,336.07,584.86,Premium
P0882,Desk Lamp Plus,Office,912.98,1287.6,Core
P0883,Desk Lamp Lite,Office,365.56,679.1,Premium
P0884,Smart Scale Plus,Fitness,111.9,229.08,Seasonal
P0885,Fitness Band 2025,Fitness,406.18,540.71,Core
P0886,Desk Lamp 2026,Office,312.71,419.83,Core
P0887,Mixer Grinder Lite,Home,445.13,800.28,Seasonal
P0888,Yoga Mat Plus,Fitness,385.74,836.77,Core
P0889,Design Suite Plus,Software,465.76,1055.02,Seasonal
P0890,Keyboard 2025,Office,91.79,169.91,Seasonal
P0891,Vacuum Cleaner Max,Home,406.32,617.03,Core
P0892,Power Bank Max,Electronics,340.94,504.16,Premium
P0893,Smart Scale Lite,Fitness,143.82,323.97,Core
P0894,Smart Scale Lite,Fitness,347.77,449.65,Core
P0895,Bluetooth Speaker 2026,Electronics,397.47,712.85,Core
P0896,Bluetooth Speaker 2026,Electronics,222.15,481.15,Core
P0897,Smartwatch Pro,Electronics,457.91,1055.39,Premium
P0898,Bluetooth Speaker Lite,Electronics,83.03,119.23,Premium
P0899,Phone Case Plus,Accessories,539.71,717.23,Seasonal
P0900,Smart Scale Lite,Fitness,371.51,503.75,Premium
P0901,Keyboard 2025,Office,439.99,896.9,Premium
P0902,Desk Lamp 2025,Office,589.36,1138.16,Premium
P0903,Power Bank Max,Electronics,676.0,895.61,Premium
P0904,Cloud Backup Pro,Software,587.67,1001.71,Seasonal
P0905,Design Suite Max,Software,821.59,1271.81,Core
P0906,Laptop Stand Max,Accessories,273.27,640.83,Core
P0907,Yoga Mat Plus,Fitness,28.22,37.42,Core
P0908,Desk Lamp Plus,Office,412.31,601.88,Core
P0909,Desk Lamp Pro,Office,486.43,653.64,Premium
P0910,Travel Adapter 2026,Accessories,735.41,1222.5,Premium
P0911,Air Purifier Lite,Home,206.71,486.59,Core
P0912,Vacuum Cleaner 2026,Home,566.24,978.65,Premium
P0913,Monitor Pro,Office,414.01,551.66,Seasonal
P0914,Laptop Stand 2025,Accessories,566.11,1166.42,Core
P0915,Mixer Grinder 2026,Home,121.27,214.54,Seasonal
P0916,Design Suite Max,Software,780.26,1256.2,Seasonal
P0917,Phone Case Pro,Accessories,201.26,476.89,Core
P0918,Keyboard 2025,Office,359.2,487.47,Seasonal
P0919,Travel Adapter Pro,Accessories,768.54,1421.5,Core
P0920,Smart Scale Plus,Fitness,128.69,296.82,Seasonal
P0921,Vacuum Cleaner 2026,Home,600.56,958.75,Seasonal
P0922,Laptop Stand 2025,Accessories,594.82,773.95,Core
P0923,Air Purifier Lite,Home,639.18,870.15,Seasonal
P0924,Travel Adapter 2026,Accessories,379.79,628.41,Seasonal
P0925,Phone Case Lite,Accessories,177.69,245.32,Premium
P0926,Bluetooth Speaker Pro,Electronics,887.45,1166.08,Core
P0927,Smart Bulb Pro,Home,589.83,1325.85,Premium
P0928,Air Purifier Plus,Home,326.43,727.47,Premium
P0929,Keyboard Max,Office,335.41,794.74,Premium
P0930,Resistance Set 2025,Fitness,96.37,137.95,Premium
P0931,Fitness Band Max,Fitness,318.89,627.56,Core
P0932,Team Collaboration Pro,Software,112.61,223.5,Seasonal
P0933,Keyboard Max,Office,429.99,734.75,Core
P0934,Smart Bulb 2025,Home,117.92,231.53,Core
P0935,Monitor Plus,Office,625.94,808.21,Premium
P0936,Mouse Plus,Office,88.42,126.78,Seasonal
P0937,Smart Bulb Plus,Home,70.43,159.51,Core
P0938,Air Purifier 2025,Home,701.42,925.82,Seasonal
P0939,Desk Lamp 2025,Office,608.47,952.71,Core
P0940,Wireless Earbuds 2026,Electronics,213.78,294.44,Seasonal
P0941,Analytics Pro 2026,Software,657.84,948.78,Seasonal
P0942,Laptop Stand 2025,Accessories,402.8,927.61,Core
P0943,Laptop Stand 2025,Accessories,234.09,316.91,Seasonal
P0944,Cloud Backup Pro,Software,328.33,454.84,Premium
P0945,Mixer Grinder Plus,Home,242.87,451.76,Seasonal
P0946,Wireless Earbuds Max,Electronics,49.84,66.18,Core
P0947,Cloud Backup 2025,Software,102.81,176.86,Core
P0948,Resistance Set Lite,Fitness,64.2,101.85,Premium
P0949,Cloud Backup Pro,Software,201.43,276.25,Seasonal
P0950,Monitor Max,Office,425.96,944.18,Premium
P0951,Resistance Set Plus,Fitness,169.48,288.04,Premium
P0952,Resistance Set 2026,Fitness,168.57,343.77,Premium
P0953,Smart Scale 2026,Fitness,132.18,304.22,Premium
P0954,Fitness Band Max,Fitness,271.33,395.8,Seasonal
P0955,Bluetooth Speaker Plus,Electronics,70.12,113.99,Core
P0956,Keyboard Lite,Office,560.86,842.47,Premium
P0957,Cloud Backup 2026,Software,682.19,883.22,Core
P0958,Air Purifier Plus,Home,125.55,165.57,Core
P0959,Team Collaboration 2025,Software,239.16,560.46,Premium
P0960,Travel Adapter Plus,Accessories,895.49,1390.3,Core
P0961,Power Bank 2025,Electronics,796.78,1453.37,Premium
P0962,Phone Case Plus,Accessories,202.53,316.79,Premium
P0963,Mouse Max,Office,151.54,219.71,Core
P0964,Mouse 2025,Office,230.94,365.99,Seasonal
P0965,Monitor 2026,Office,226.74,427.31,Seasonal
P0966,Smartwatch Plus,Electronics,964.23,1277.13,Seasonal
P0967,Laptop Stand Lite,Accessories,137.62,313.8,Premium
P0968,Team Collaboration 2025,Software,709.56,1205.12,Premium
P0969,Power Bank 2025,Electronics,592.63,1016.67,Premium
P0970,Monitor Max,Office,205.86,307.63,Seasonal
P0971,Analytics Pro Pro,Software,540.28,1010.04,Premium
P0972,Air Purifier 2025,Home,706.98,1266.95,Seasonal
P0973,Wireless Earbuds Pro,Electronics,28.74,65.57,Core
P0974,Monitor 2026,Office,169.98,245.93,Premium
P0975,Team Collaboration Pro,Software,374.24,491.08,Premium
P0976,Mouse Plus,Office,338.31,613.06,Seasonal
P0977,Bluetooth Speaker Max,Electronics,274.93,487.58,Premium
P0978,Power Bank Pro,Electronics,582.69,1004.07,Premium
P0979,USB-C Cable Max,Accessories,777.88,1288.94,Seasonal
P0980,Monitor Pro,Office,571.33,762.75,Seasonal
P0981,Analytics Pro Pro,Software,116.16,265.96,Premium
P0982,Laptop Stand Lite,Accessories,142.77,186.38,Seasonal
P0983,Bluetooth Speaker Max,Electronics,666.79,1222.87,Seasonal
P0984,Design Suite Pro,Software,897.86,1264.28,Premium
P0985,Cloud Backup Pro,Software,550.62,1239.07,Core
P0986,Desk Lamp Lite,Office,19.04,43.17,Premium
P0987,Smart Bulb Lite,Home,188.52,310.39,Seasonal
P0988,Smart Bulb Pro,Home,833.75,1246.48,Premium
P0989,Bluetooth Speaker 2026,Electronics,612.36,1383.42,Core
P0990,Laptop Stand Lite,Accessories,498.37,920.87,Premium
P0991,Team Collaboration Lite,Software,294.29,688.61,Core
P0992,USB-C Cable Max,Accessories,492.81,742.07,Premium
P0993,Vacuum Cleaner Plus,Home,713.81,1152.86,Core
P0994,Yoga Mat 2026,Fitness,725.27,1253.09,Premium
P0995,Analytics Pro Max,Software,897.03,1449.61,Core
P0996,Air Purifier 2025,Home,189.04,383.67,Core
P0997,Cloud Backup 2026,Software,668.27,1151.31,Seasonal
P0998,Keyboard Lite,Office,841.36,1303.7,Seasonal
P0999,Wireless Earbuds 2026,Electronics,590.59,914.94,Seasonal
P1000,Smart Bulb Pro,Home,242.27,543.49,Core
P1001,Laptop Stand Max,Accessories,761.16,1021.9,Seasonal
P1002,Smart Bulb Max,Home,502.07,863.26,Premium
P1003,USB-C Cable Max,Accessories,196.11,350.06,Core
P1004,Air Purifier Plus,Home,749.97,1290.46,Core
P1005,Desk Lamp Pro,Office,608.63,815.61,Core
P1006,USB-C Cable Plus,Accessories,337.75,747.17,Seasonal
P1007,Wireless Earbuds Max,Electronics,274.09,492.75,Premium
P1008,Smart Scale Pro,Fitness,31.83,54.92,Core
P1009,Desk Lamp Max,Office,585.52,829.22,Premium
P1010,Monitor Lite,Office,36.02,70.7,Seasonal
P1011,Bluetooth Speaker 2025,Electronics,646.5,1383.18,Seasonal
P1012,Resistance Set Max,Fitness,82.4,152.69,Premium
P1013,Cloud Backup Pro,Software,341.88,643.28,Seasonal
P1014,Fitness Band Lite,Fitness,507.39,1057.93,Core
P1015,Power Bank 2026,Electronics,232.45,525.77,Premium
P1016,Design Suite Pro,Software,595.83,824.48,Core
P1017,Laptop Stand Plus,Accessories,680.25,927.86,Premium
P1018,USB-C Cable 2026,Accessories,526.31,1083.93,Premium
P1019,Yoga Mat 2026,Fitness,12.9,24.56,Core
P1020,Bluetooth Speaker Plus,Electronics,667.94,1241.36,Seasonal
P1021,Vacuum Cleaner Pro,Home,527.35,774.15,Seasonal
P1022,Team Collaboration Plus,Software,549.13,1182.6,Premium
P1023,Cloud Backup 2025,Software,798.74,1359.29,Premium
P1024,Monitor Max,Office,836.95,1461.83,Seasonal
P1025,Monitor Max,Office,30.84,40.66,Core
P1026,Team Collaboration Pro,Software,262.87,510.12,Core
P1027,Mouse Pro,Office,664.3,1073.28,Premium
P1028,Cloud Backup Plus,Software,820.63,1460.34,Core
P1029,Design Suite 2026,Software,83.49,159.15,Core
P1030,Travel Adapter Plus,Accessories,293.05,476.67,Seasonal
P1031,Monitor Max,Office,254.39,333.25,Premium
P1032,Bluetooth Speaker 2026,Electronics,505.77,1171.24,Premium
P1033,Cloud Backup Max,Software,411.67,859.57,Premium
P1034,Vacuum Cleaner Lite,Home,550.48,1082.29,Premium
P1035,Analytics Pro 2026,Software,264.02,543.47,Seasonal
P1036,Yoga Mat Max,Fitness,187.98,265.23,Seasonal
P1037,Bluetooth Speaker Max,Electronics,368.76,665.77,Core
P1038,Mixer Grinder Pro,Home,463.73,621.04,Premium
P1039,Fitness Band 2025,Fitness,244.46,324.66,Seasonal
P1040,Keyboard Max,Office,657.55,966.61,Core
P1041,Analytics Pro Plus,Software,21.48,50.93,Seasonal
P1042,Wireless Earbuds Pro,Electronics,496.9,814.47,Core
P1043,Fitness Band Plus,Fitness,1061.52,1398.02,Premium
P1044,Mouse Lite,Office,452.17,1023.69,Core
P1045,Power Bank Lite,Electronics,196.84,269.39,Premium
P1046,Vacuum Cleaner Plus,Home,413.42,534.45,Seasonal
P1047,Travel Adapter Plus,Accessories,669.55,1079.97,Premium
P1048,Mouse 2025,Office,34.86,57.88,Seasonal
P1049,Vacuum Cleaner Lite,Home,769.35,1088.72,Premium
P1050,Design Suite Pro,Software,123.93,234.11,Premium
P1051,Mouse 2025,Office,93.65,191.39,Seasonal
P1052,Resistance Set Plus,Fitness,49.75,113.25,Core
P1053,Travel Adapter Max,Accessories,581.62,954.68,Core
P1054,Team Collaboration Lite,Software,133.55,187.57,Seasonal
P1055,Mixer Grinder Lite,Home,500.73,752.64,Seasonal
P1056,Air Purifier Lite,Home,250.17,364.83,Core
P1057,Smartwatch Max,Electronics,44.86,92.41,Core
P1058,Bluetooth Speaker Plus,Electronics,1055.37,1437.15,Seasonal
P1059,Cloud Backup Max,Software,123.96,226.72,Premium
P1060,Design Suite 2026,Software,478.78,756.52,Core
P1061,Air Purifier 2025,Home,288.57,647.14,Seasonal
P1062,Travel Adapter 2025,Accessories,27.92,41.38,Core
P1063,Vacuum Cleaner Pro,Home,521.63,914.31,Premium
P1064,Wireless Earbuds Plus,Electronics,322.02,725.53,Premium
P1065,Phone Case Lite,Accessories,287.49,484.88,Core
P1066,Cloud Backup Max,Software,102.04,239.45,Premium
P1067,Yoga Mat Lite,Fitness,492.28,807.69,Core
P1068,Mouse Lite,Office,456.23,684.04,Seasonal
P1069,Phone Case 2026,Accessories,569.28,1263.86,Premium
P1070,Keyboard Pro,Office,526.43,848.21,Seasonal
P1071,Wireless Earbuds Max,Electronics,372.44,493.02,Seasonal
P1072,Smartwatch Max,Electronics,1053.64,1359.52,Premium
P1073,USB-C Cable Lite,Accessories,560.4,1043.02,Core
P1074,USB-C Cable 2026,Accessories,176.94,274.94,Seasonal
P1075,Keyboard Pro,Office,536.0,936.47,Premium
P1076,Power Bank 2025,Electronics,230.93,296.27,Core
P1077,Phone Case Plus,Accessories,157.96,273.18,Core
P1078,Desk Lamp Max,Office,469.46,797.67,Core
P1079,Smartwatch Max,Electronics,219.5,492.63,Seasonal
P1080,Team Collaboration 2025,Software,693.82,941.3,Seasonal
P1081,Analytics Pro 2025,Software,254.65,362.25,Seasonal
P1082,Bluetooth Speaker 2025,Electronics,189.94,370.34,Premium
P1083,Analytics Pro Plus,Software,505.29,850.43,Seasonal
P1084,Desk Lamp Pro,Office,194.64,394.54,Seasonal
P1085,Analytics Pro 2025,Software,1054.9,1393.86,Core
P1086,Fitness Band 2026,Fitness,482.04,850.59,Premium
P1087,Laptop Stand Pro,Accessories,122.32,227.25,Core
P1088,Team Collaboration 2025,Software,737.78,1015.49,Core
P1089,Air Purifier 2025,Home,440.68,657.31,Seasonal
P1090,Fitness Band Max,Fitness,368.98,551.21,Premium
P1091,Cloud Backup 2026,Software,126.66,256.09,Premium
P1092,Travel Adapter Max,Accessories,481.98,755.51,Premium
P1093,Desk Lamp Pro,Office,589.94,829.14,Core
P1094,Desk Lamp Max,Office,534.8,732.48,Premium
P1095,Air Purifier 2025,Home,325.77,626.41,Core
P1096,Phone Case Pro,Accessories,711.51,929.98,Core
P1097,Smart Scale Pro,Fitness,673.12,1007.73,Seasonal
P1098,Design Suite Pro,Software,301.19,662.26,Seasonal
P1099,Cloud Backup 2026,Software,588.74,1231.23,Core
P1100,Team Collaboration Pro,Software,208.76,396.31,Premium
P1101,Power Bank 2025,Electronics,474.38,623.54,Seasonal
P1102,Laptop Stand Plus,Accessories,735.58,1234.65,Core
P1103,Desk Lamp 2025,Office,399.78,551.25,Seasonal
P1104,Air Purifier Pro,Home,260.68,552.54,Core
P1105,Travel Adapter 2025,Accessories,242.46,412.26,Seasonal
P1106,Smart Scale Pro,Fitness,169.78,257.11,Premium
P1107,Laptop Stand Plus,Accessories,231.99,502.55,Premium
P1108,Mouse Lite,Office,206.27,329.91,Seasonal
P1109,Desk Lamp 2025,Office,524.89,761.3,Seasonal
P1110,Design Suite Plus,Software,272.94,624.43,Premium
P1111,Smart Bulb 2026,Home,662.54,1004.54,Premium
P1112,Smart Bulb Plus,Home,451.91,819.64,Seasonal
P1113,Smart Bulb Lite,Home,637.56,1119.98,Premium
P1114,Design Suite 2025,Software,522.22,877.36,Seasonal
P1115,USB-C Cable Lite,Accessories,104.01,212.23,Seasonal
P1116,Keyboard Max,Office,392.82,753.59,Premium
P1117,Fitness Band Max,Fitness,424.33,799.76,Core
P1118,Wireless Earbuds Lite,Electronics,629.43,983.03,Premium
P1119,Mixer Grinder Plus,Home,346.3,717.5,Seasonal
P1120,Keyboard Pro,Office,566.03,751.41,Seasonal
P1121,Yoga Mat Pro,Fitness,1037.79,1363.0,Premium
P1122,Fitness Band Pro,Fitness,451.28,710.01,Core
P1123,Bluetooth Speaker Max,Electronics,530.79,1222.61,Core
P1124,Smart Scale 2025,Fitness,795.73,1223.19,Premium
P1125,Smartwatch Lite,Electronics,755.29,1108.39,Premium
P1126,Wireless Earbuds Max,Electronics,381.12,883.3,Premium
P1127,Power Bank 2025,Electronics,388.95,514.33,Seasonal
P1128,Smartwatch 2025,Electronics,527.93,924.94,Premium
P1129,Travel Adapter Plus,Accessories,700.88,1048.76,Core
P1130,Mixer Grinder Max,Home,366.79,573.19,Premium
P1131,Phone Case Lite,Accessories,766.35,1373.2,Seasonal
P1132,Vacuum Cleaner Plus,Home,525.9,723.77,Core
P1133,Monitor Plus,Office,536.14,1028.01,Seasonal
P1134,Mixer Grinder Max,Home,457.53,603.36,Premium
P1135,Smart Scale Pro,Fitness,560.04,1046.57,Core
P1136,Phone Case Pro,Accessories,45.15,91.94,Premium
P1137,Vacuum Cleaner Pro,Home,529.16,1163.99,Core
P1138,Vacuum Cleaner 2026,Home,300.73,540.89,Core
P1139,Air Purifier 2025,Home,176.69,262.83,Premium
P1140,USB-C Cable Pro,Accessories,158.07,257.41,Seasonal
P1141,Team Collaboration Lite,Software,391.32,743.38,Core
P1142,Mouse 2025,Office,460.08,829.67,Seasonal
P1143,Team Collaboration 2026,Software,901.09,1195.28,Seasonal
P1144,Power Bank 2025,Electronics,293.15,574.23,Seasonal
P1145,Analytics Pro Lite,Software,819.24,1391.92,Premium
P1146,Resistance Set Plus,Fitness,634.4,1431.2,Core
P1147,Mouse Lite,Office,42.58,90.36,Core
P1148,Resistance Set Plus,Fitness,561.58,903.58,Seasonal
P1149,Wireless Earbuds 2026,Electronics,420.84,761.86,Seasonal
P1150,Vacuum Cleaner Lite,Home,546.87,1080.07,Premium
P1151,Monitor 2026,Office,317.04,534.24,Seasonal
P1152,Cloud Backup Max,Software,892.38,1339.05,Seasonal
P1153,Team Collaboration Plus,Software,589.18,972.73,Core
P1154,Smartwatch Max,Electronics,362.98,582.54,Seasonal
P1155,Desk Lamp 2026,Office,188.3,344.12,Core
P1156,Mouse Pro,Office,201.38,321.13,Premium
P1157,Smart Scale Max,Fitness,163.73,371.48,Premium
P1158,Cloud Backup Plus,Software,935.55,1287.89,Premium
P1159,Yoga Mat Plus,Fitness,511.58,757.08,Seasonal
P1160,Resistance Set Lite,Fitness,136.93,248.91,Premium
P1161,Yoga Mat Max,Fitness,1013.71,1462.49,Seasonal
P1162,Monitor 2025,Office,169.56,219.11,Premium
P1163,Mouse Max,Office,841.1,1147.7,Core
P1164,Vacuum Cleaner 2026,Home,333.22,454.65,Seasonal
P1165,Design Suite 2026,Software,93.88,165.77,Seasonal
P1166,Team Collaboration Plus,Software,49.14,108.01,Premium
P1167,Monitor Pro,Office,836.21,1429.87,Core
P1168,Smart Bulb 2026,Home,235.34,476.18,Premium
P1169,Phone Case Max,Accessories,552.84,763.1,Premium
P1170,Power Bank Max,Electronics,405.46,909.13,Core
P1171,Fitness Band 2026,Fitness,68.69,155.98,Core
P1172,Keyboard Lite,Office,483.84,922.08,Premium
P1173,Air Purifier Pro,Home,347.45,698.64,Core
P1174,Resistance Set 2025,Fitness,321.09,413.15,Core
P1175,Design Suite 2026,Software,616.13,1199.21,Seasonal
P1176,USB-C Cable Max,Accessories,559.13,1138.19,Premium
P1177,USB-C Cable Plus,Accessories,955.21,1311.75,Seasonal
P1178,Team Collaboration 2026,Software,341.68,615.0,Core
P1179,Smart Scale Plus,Fitness,368.04,781.72,Premium
P1180,Team Collaboration Lite,Software,189.18,266.63,Seasonal
P1181,Smart Scale Max,Fitness,480.96,1048.84,Premium
P1182,Team Collaboration 2025,Software,619.9,978.73,Premium
P1183,Keyboard 2026,Office,169.23,309.46,Seasonal
P1184,Keyboard Max,Office,780.51,1340.59,Seasonal
P1185,Laptop Stand Pro,Accessories,80.07,106.7,Seasonal
P1186,Monitor Pro,Office,356.47,486.09,Premium
P1187,Laptop Stand Plus,Accessories,698.03,1008.13,Seasonal
P1188,Power Bank Max,Electronics,559.07,761.05,Seasonal
P1189,Team Collaboration Max,Software,107.92,164.17,Seasonal
P1190,Wireless Earbuds 2025,Electronics,166.09,269.37,Core
P1191,Design Suite Lite,Software,964.03,1422.95,Seasonal
P1192,Team Collaboration Max,Software,429.34,955.89,Premium
P1193,Keyboard 2026,Office,188.61,381.82,Core
P1194,Yoga Mat Max,Fitness,495.52,1116.76,Premium
P1195,Vacuum Cleaner 2025,Home,104.37,179.09,Seasonal
P1196,Mouse 2026,Office,369.37,500.19,Seasonal
P1197,Analytics Pro 2025,Software,454.32,861.4,Premium
P1198,Team Collaboration 2026,Software,793.42,1118.9,Seasonal
P1199,Wireless Earbuds Lite,Electronics,340.09,529.74,Premium
P1200,Mixer Grinder Pro,Home,75.4,97.42,Seasonal
P1201,Smartwatch 2025,Electronics,69.4,89.31,Seasonal
P1202,USB-C Cable Pro,Accessories,637.37,1011.62,Core
P1203,Smart Scale Max,Fitness,839.1,1300.51,Core
P1204,Vacuum Cleaner 2026,Home,891.02,1220.68,Premium
P1205,Power Bank Lite,Electronics,537.34,746.14,Premium
P1206,Cloud Backup Max,Software,512.5,730.91,Seasonal
P1207,Team Collaboration Pro,Software,340.2,516.2,Core
P1208,Power Bank Pro,Electronics,124.6,174.93,Seasonal
P1209,Power Bank 2025,Electronics,437.14,990.22,Seasonal
P1210,Design Suite Max,Software,515.35,962.99,Core
P1211,Design Suite Lite,Software,11.52,24.55,Premium
P1212,Keyboard 2025,Office,325.39,591.11,Premium
P1213,Monitor 2025,Office,550.4,712.81,Core
P1214,Smart Bulb Pro,Home,757.83,1012.34,Seasonal
P1215,Keyboard Max,Office,248.63,503.3,Seasonal
P1216,Wireless Earbuds Pro,Electronics,281.83,499.59,Premium
P1217,Smart Bulb Pro,Home,308.17,585.81,Core
P1218,Vacuum Cleaner Plus,Home,988.58,1298.97,Seasonal
P1219,Travel Adapter Lite,Accessories,113.5,233.01,Premium
P1220,Design Suite Max,Software,488.82,954.63,Core
P1221,Wireless Earbuds Lite,Electronics,754.02,1040.61,Seasonal
P1222,Yoga Mat Pro,Fitness,477.94,1111.03,Core
P1223,Resistance Set Pro,Fitness,177.21,302.13,Premium
P1224,Smartwatch Plus,Electronics,686.92,1346.87,Premium
P1225,Travel Adapter 2025,Accessories,70.0,118.17,Core
P1226,Laptop Stand 2026,Accessories,50.79,87.65,Premium
P1227,Vacuum Cleaner Max,Home,94.8,123.79,Seasonal
P1228,Travel Adapter Plus,Accessories,454.74,1069.29,Seasonal
P1229,USB-C Cable Plus,Accessories,384.32,775.24,Seasonal
P1230,Travel Adapter 2026,Accessories,187.55,319.31,Core
P1231,Air Purifier Max,Home,342.16,608.82,Seasonal
P1232,Smart Scale Pro,Fitness,94.48,212.54,Premium
P1233,Phone Case 2026,Accessories,435.86,847.1,Seasonal
P1234,Mouse Max,Office,85.33,175.34,Seasonal
P1235,Wireless Earbuds Lite,Electronics,1023.54,1488.19,Premium
P1236,Yoga Mat Plus,Fitness,108.09,145.53,Premium
P1237,Team Collaboration Lite,Software,427.97,794.1,Premium
P1238,Yoga Mat Lite,Fitness,622.12,814.81,Core
P1239,Laptop Stand Max,Accessories,537.65,961.46,Core
P1240,Keyboard Pro,Office,377.19,490.75,Premium
P1241,Keyboard 2025,Office,15.97,24.4,Core
P1242,Phone Case Plus,Accessories,663.89,944.15,Premium
P1243,Power Bank Plus,Electronics,1011.79,1436.21,Core
P1244,USB-C Cable 2026,Accessories,828.03,1291.84,Premium
P1245,Bluetooth Speaker Lite,Electronics,436.44,828.51,Core
P1246,Monitor Lite,Office,840.53,1166.04,Seasonal
P1247,Design Suite Plus,Software,1072.09,1411.31,Seasonal
P1248,Laptop Stand Pro,Accessories,111.52,187.01,Premium
P1249,Phone Case Pro,Accessories,445.84,813.09,Premium
P1250,USB-C Cable 2025,Accessories,547.36,1115.46,Seasonal
P1251,Keyboard Lite,Office,213.79,427.05,Seasonal
P1252,Keyboard Lite,Office,408.68,926.17,Core
P1253,Vacuum Cleaner 2025,Home,667.59,1459.98,Premium
P1254,Keyboard Plus,Office,446.03,910.64,Seasonal
P1255,Keyboard Lite,Office,166.21,345.32,Seasonal
P1256,Bluetooth Speaker 2026,Electronics,649.4,937.67,Seasonal
P1257,Fitness Band Lite,Fitness,19.47,27.82,Seasonal
P1258,Wireless Earbuds Max,Electronics,539.73,992.95,Core
P1259,Desk Lamp Max,Office,500.9,711.97,Seasonal
P1260,Analytics Pro Lite,Software,452.35,595.89,Premium
P1261,Smart Bulb Max,Home,315.03,706.93,Premium
P1262,Smartwatch Pro,Electronics,521.15,1237.86,Core
P1263,Cloud Backup Plus,Software,873.29,1167.29,Premium
P1264,Cloud Backup Plus,Software,176.89,261.36,Seasonal
P1265,Smart Bulb Max,Home,801.55,1406.0,Seasonal
P1266,Mouse Max,Office,44.71,59.59,Premium
P1267,Yoga Mat Pro,Fitness,727.73,1130.79,Core
P1268,Bluetooth Speaker Plus,Electronics,378.52,670.77,Premium
P1269,Mixer Grinder Pro,Home,545.64,725.6,Premium
P1270,Analytics Pro Plus,Software,80.7,183.6,Seasonal
P1271,Travel Adapter Max,Accessories,322.07,552.69,Premium
P1272,Mouse Lite,Office,172.41,279.83,Core
P1273,Wireless Earbuds Lite,Electronics,263.67,538.2,Seasonal
P1274,Laptop Stand 2026,Accessories,421.3,779.76,Core
P1275,Travel Adapter Plus,Accessories,260.6,424.92,Premium
P1276,Travel Adapter Max,Accessories,393.05,633.15,Core
P1277,Desk Lamp Plus,Office,772.99,1298.99,Seasonal
P1278,Air Purifier 2026,Home,283.58,601.52,Premium
P1279,Monitor 2026,Office,728.37,1164.85,Premium
P1280,Keyboard 2026,Office,92.82,121.64,Core
P1281,Laptop Stand Plus,Accessories,531.78,686.98,Core
P1282,Power Bank Lite,Electronics,649.41,1486.07,Seasonal
P1283,USB-C Cable 2026,Accessories,693.37,1241.35,Premium
P1284,Fitness Band Plus,Fitness,390.7,735.77,Premium
P1285,Air Purifier Max,Home,250.98,528.45,Core
P1286,Air Purifier 2026,Home,307.37,547.89,Premium
P1287,Desk Lamp Lite,Office,22.33,37.17,Core
P1288,Power Bank Plus,Electronics,725.98,1144.15,Core
P1289,Smart Bulb Pro,Home,218.62,365.6,Core
P1290,USB-C Cable Max,Accessories,100.24,187.19,Seasonal
P1291,Vacuum Cleaner Lite,Home,584.96,1058.58,Seasonal
P1292,Phone Case Max,Accessories,273.41,427.13,Seasonal
P1293,Phone Case Max,Accessories,503.35,1004.41,Core
P1294,Keyboard Plus,Office,451.7,824.66,Premium
P1295,Resistance Set Plus,Fitness,570.21,899.47,Seasonal
P1296,Monitor 2025,Office,187.26,334.25,Seasonal
P1297,Fitness Band Max,Fitness,736.6,1069.97,Core
P1298,Travel Adapter Lite,Accessories,1095.82,1406.76,Core
P1299,Smartwatch Max,Electronics,285.73,558.78,Seasonal
P1300,Resistance Set Plus,Fitness,268.56,620.98,Seasonal
P1301,Resistance Set 2025,Fitness,477.58,647.95,Core
P1302,Bluetooth Speaker 2025,Electronics,609.7,1357.9,Core
P1303,Air Purifier 2025,Home,699.67,915.3,Seasonal
P1304,Yoga Mat 2026,Fitness,527.33,716.0,Premium
P1305,Resistance Set 2025,Fitness,795.99,1289.47,Core
P1306,Smartwatch Lite,Electronics,27.12,51.16,Premium
P1307,Design Suite Lite,Software,114.06,224.43,Premium
P1308,Mouse Plus,Office,400.27,593.69,Seasonal
P1309,Monitor Max,Office,425.97,974.69,Seasonal
P1310,Laptop Stand 2025,Accessories,154.5,218.42,Premium
P1311,Bluetooth Speaker Pro,Electronics,691.32,1226.43,Core
P1312,Laptop Stand Max,Accessories,685.83,1190.74,Seasonal
P1313,Cloud Backup Lite,Software,180.44,411.62,Core
P1314,Resistance Set 2026,Fitness,244.42,379.52,Core
P1315,Yoga Mat Lite,Fitness,127.93,235.03,Core
P1316,Wireless Earbuds 2026,Electronics,614.26,1059.59,Seasonal
P1317,Laptop Stand Pro,Accessories,847.78,1492.79,Core
P1318,Mouse 2026,Office,956.45,1249.24,Premium
P1319,Fitness Band Plus,Fitness,310.68,681.03,Premium
P1320,Fitness Band Lite,Fitness,370.75,749.09,Premium
P1321,Travel Adapter 2025,Accessories,608.38,1006.48,Premium
P1322,Fitness Band Pro,Fitness,370.25,579.79,Core
P1323,Bluetooth Speaker Max,Electronics,503.73,662.04,Seasonal
P1324,Keyboard Plus,Office,239.77,549.94,Premium
P1325,Resistance Set 2025,Fitness,947.23,1440.02,Premium
P1326,Smart Bulb 2025,Home,535.41,756.54,Seasonal
P1327,Mixer Grinder Pro,Home,1010.61,1321.08,Premium
P1328,USB-C Cable 2025,Accessories,600.91,919.02,Seasonal
P1329,Bluetooth Speaker Pro,Electronics,426.45,743.88,Core
P1330,Bluetooth Speaker 2026,Electronics,135.55,248.91,Premium
P1331,Monitor Plus,Office,485.53,972.48,Seasonal
P1332,USB-C Cable 2026,Accessories,424.88,790.32,Seasonal
P1333,Phone Case Max,Accessories,406.92,838.04,Premium
P1334,Mixer Grinder 2025,Home,551.66,994.37,Seasonal
P1335,Smart Scale Max,Fitness,83.89,189.34,Core
P1336,Vacuum Cleaner 2025,Home,93.14,130.26,Premium
P1337,Design Suite Plus,Software,758.05,1064.09,Core
P1338,Smartwatch Lite,Electronics,504.08,664.94,Seasonal
P1339,Travel Adapter Plus,Accessories,325.66,547.61,Seasonal
P1340,USB-C Cable 2025,Accessories,51.58,102.66,Seasonal
P1341,Resistance Set Plus,Fitness,770.68,1139.84,Premium
P1342,Yoga Mat Plus,Fitness,421.32,829.6,Seasonal
P1343,Air Purifier 2025,Home,413.3,728.4,Premium
P1344,Vacuum Cleaner Lite,Home,762.69,1274.46,Seasonal
P1345,Mixer Grinder 2025,Home,440.83,1033.22,Premium
P1346,Desk Lamp Plus,Office,123.45,252.79,Core
P1347,USB-C Cable Max,Accessories,408.66,898.7,Seasonal
P1348,Mouse Pro,Office,1095.41,1483.32,Seasonal
P1349,Travel Adapter 2025,Accessories,747.85,1447.51,Core
P1350,Analytics Pro Max,Software,993.25,1497.92,Core
P1351,Desk Lamp 2026,Office,198.82,299.5,Premium
P1352,Monitor Lite,Office,317.12,702.54,Core
P1353,Mouse Lite,Office,598.31,1264.84,Premium
P1354,Smart Scale Max,Fitness,367.47,476.56,Core
P1355,Monitor Max,Office,890.59,1152.46,Core
P1356,Smartwatch Plus,Electronics,865.51,1125.66,Premium
P1357,Mixer Grinder 2025,Home,156.26,262.92,Core
P1358,USB-C Cable Pro,Accessories,940.43,1278.1,Seasonal
P1359,USB-C Cable Plus,Accessories,680.99,911.74,Core
P1360,Vacuum Cleaner 2025,Home,417.68,898.61,Core
P1361,Air Purifier 2025,Home,135.64,174.14,Core
P1362,Desk Lamp Lite,Office,688.44,1011.93,Core
P1363,Design Suite 2025,Software,554.74,1029.91,Premium
P1364,Smart Scale Plus,Fitness,455.36,831.19,Seasonal
P1365,Wireless Earbuds Max,Electronics,1070.83,1439.57,Seasonal
P1366,USB-C Cable Plus,Accessories,58.52,85.33,Core
P1367,Travel Adapter Lite,Accessories,680.85,873.18,Premium
P1368,Monitor Plus,Office,792.15,1061.37,Core
P1369,Vacuum Cleaner Max,Home,652.41,1128.96,Core
P1370,Mouse 2025,Office,1111.16,1494.61,Seasonal
P1371,USB-C Cable Lite,Accessories,594.2,1302.74,Core
P1372,Keyboard 2026,Office,726.18,1387.98,Premium
P1373,Team Collaboration Pro,Software,411.72,657.53,Premium
P1374,Cloud Backup 2025,Software,921.31,1397.48,Seasonal
P1375,Mouse Max,Office,176.18,390.59,Seasonal
P1376,Laptop Stand Pro,Accessories,1092.74,1409.85,Premium
P1377,Keyboard 2026,Office,768.19,1296.25,Seasonal
P1378,Air Purifier 2025,Home,509.21,971.13,Seasonal
P1379,Monitor Lite,Office,760.68,1497.83,Seasonal
P1380,Phone Case 2026,Accessories,592.1,1187.41,Premium
P1381,Bluetooth Speaker 2026,Electronics,84.03,179.15,Seasonal
P1382,Travel Adapter Pro,Accessories,163.25,347.57,Seasonal
P1383,Mouse Lite,Office,465.09,985.82,Core
P1384,Monitor Plus,Office,191.45,379.87,Core
P1385,Keyboard Max,Office,346.39,509.4,Premium
P1386,Smartwatch Pro,Electronics,626.87,1061.92,Seasonal
P1387,Keyboard 2026,Office,735.8,945.73,Core
P1388,Phone Case 2025,Accessories,458.27,609.33,Premium
P1389,Mouse Plus,Office,31.53,65.44,Core
P1390,Power Bank Max,Electronics,357.59,617.27,Premium
P1391,Monitor Lite,Office,111.5,244.31,Seasonal
P1392,Power Bank 2025,Electronics,579.71,817.23,Core
P1393,Power Bank 2026,Electronics,60.09,81.65,Seasonal
P1394,Fitness Band Pro,Fitness,226.74,410.84,Premium
P1395,Vacuum Cleaner 2026,Home,115.04,186.46,Seasonal
P1396,Smart Bulb Lite,Home,206.2,293.77,Premium
P1397,Smart Bulb 2025,Home,788.91,1483.32,Core
P1398,Wireless Earbuds Lite,Electronics,465.81,691.45,Core
P1399,Bluetooth Speaker Lite,Electronics,241.69,571.04,Seasonal
P1400,Mouse Lite,Office,505.6,650.15,Core
P1401,Vacuum Cleaner Plus,Home,661.15,950.08,Core
P1402,Desk Lamp Plus,Office,319.75,760.87,Seasonal
P1403,Analytics Pro Max,Software,729.93,1239.69,Core
P1404,Desk Lamp Max,Office,173.82,287.02,Core
P1405,Phone Case 2026,Accessories,778.53,1009.35,Seasonal
P1406,Yoga Mat 2026,Fitness,588.8,1004.3,Core
P1407,Vacuum Cleaner Pro,Home,423.97,785.47,Seasonal
P1408,Power Bank Max,Electronics,405.6,680.4,Core
P1409,Cloud Backup 2025,Software,773.56,1221.08,Seasonal
P1410,Travel Adapter Lite,Accessories,116.35,166.17,Seasonal
P1411,Wireless Earbuds 2025,Electronics,410.43,858.58,Seasonal
P1412,Smart Bulb Max,Home,443.4,701.98,Seasonal
P1413,Smart Bulb Pro,Home,506.82,913.54,Seasonal
P1414,Smartwatch Plus,Electronics,421.92,601.25,Seasonal
P1415,Smart Scale 2026,Fitness,363.83,794.79,Premium
P1416,Mixer Grinder Pro,Home,522.54,949.47,Core
P1417,Air Purifier Lite,Home,103.76,155.05,Core
P1418,Fitness Band Max,Fitness,722.35,1214.82,Core
P1419,Smart Bulb Lite,Home,675.62,1130.36,Premium
P1420,Smartwatch 2025,Electronics,583.69,1156.95,Seasonal
P1421,Smart Bulb 2025,Home,200.46,258.64,Core
P1422,Smart Scale 2026,Fitness,97.42,184.05,Premium
P1423,Keyboard 2025,Office,164.98,286.41,Core
P1424,Phone Case 2026,Accessories,591.84,1059.03,Core
P1425,Keyboard 2025,Office,156.59,259.49,Core
P1426,Design Suite 2026,Software,113.27,185.05,Core
P1427,Smartwatch Lite,Electronics,186.94,269.44,Seasonal
P1428,Design Suite Plus,Software,112.21,153.93,Seasonal
P1429,Laptop Stand Pro,Accessories,304.9,483.02,Core
P1430,Smart Scale Max,Fitness,24.61,34.64,Premium
P1431,Bluetooth Speaker Max,Electronics,364.5,523.76,Seasonal
P1432,Desk Lamp Pro,Office,506.51,744.42,Seasonal
P1433,Mouse 2025,Office,915.77,1444.21,Premium
P1434,Mixer Grinder Pro,Home,1136.41,1465.7,Premium
P1435,Yoga Mat Lite,Fitness,189.24,421.77,Core
P1436,Team Collaboration Plus,Software,579.62,866.73,Premium
P1437,Wireless Earbuds Plus,Electronics,486.67,814.76,Core
P1438,Bluetooth Speaker 2026,Electronics,30.11,41.9,Seasonal
P1439,Smartwatch 2025,Electronics,543.48,1022.06,Core
P1440,Power Bank Lite,Electronics,463.45,940.21,Core
P1441,Bluetooth Speaker Lite,Electronics,345.18,614.08,Seasonal
P1442,Analytics Pro Plus,Software,959.19,1482.13,Premium
P1443,Fitness Band Pro,Fitness,530.31,823.76,Seasonal
P1444,Monitor 2026,Office,139.74,327.25,Premium
P1445,Travel Adapter Max,Accessories,517.32,672.81,Core
P1446,Bluetooth Speaker Pro,Electronics,13.49,27.26,Premium
P1447,Mixer Grinder Lite,Home,609.42,1079.83,Core
P1448,Laptop Stand Plus,Accessories,414.69,666.91,Premium
P1449,Power Bank Pro,Electronics,135.93,194.05,Seasonal
P1450,Phone Case Plus,Accessories,61.6,126.29,Premium
P1451,Vacuum Cleaner 2025,Home,46.09,82.97,Core
P1452,Monitor 2026,Office,543.69,835.24,Premium
P1453,Wireless Earbuds Max,Electronics,670.15,1038.98,Seasonal
P1454,Keyboard Lite,Office,463.38,842.84,Premium
P1455,Smart Scale 2025,Fitness,120.33,230.19,Core
P1456,Laptop Stand 2026,Accessories,263.63,409.45,Premium
P1457,Laptop Stand 2026,Accessories,86.88,122.64,Premium
P1458,Team Collaboration Pro,Software,459.33,1024.33,Premium
P1459,Fitness Band 2026,Fitness,885.48,1198.55,Core
P1460,Smartwatch Lite,Electronics,380.49,606.9,Core
P1461,Phone Case Pro,Accessories,762.1,1228.66,Seasonal
P1462,Analytics Pro 2026,Software,87.95,144.72,Premium
P1463,Air Purifier Plus,Home,211.36,456.51,Premium
P1464,Cloud Backup Max,Software,902.35,1427.79,Seasonal
P1465,Smartwatch 2026,Electronics,733.82,1034.65,Seasonal
P1466,Vacuum Cleaner 2025,Home,224.46,386.11,Core
P1467,Mouse 2026,Office,306.66,547.86,Premium
P1468,Travel Adapter 2026,Accessories,554.42,757.9,Premium
P1469,Yoga Mat Plus,Fitness,672.07,1365.58,Core
P1470,Fitness Band 2026,Fitness,254.1,550.34,Core
P1471,Team Collaboration 2026,Software,739.44,1033.42,Core
P1472,Design Suite 2025,Software,967.08,1286.78,Core
P1473,USB-C Cable 2026,Accessories,236.85,386.0,Core
P1474,Bluetooth Speaker 2025,Electronics,320.71,559.3,Seasonal
P1475,Yoga Mat 2026,Fitness,332.16,561.3,Seasonal
P1476,Power Bank Pro,Electronics,342.42,568.02,Core
P1477,Smart Bulb Plus,Home,361.28,665.59,Seasonal
P1478,Laptop Stand 2026,Accessories,705.26,1069.51,Premium
P1479,Phone Case Max,Accessories,714.62,1161.19,Core
P1480,Power Bank Pro,Electronics,250.19,336.19,Core
P1481,Monitor Lite,Office,680.81,921.18,Core
P1482,Analytics Pro 2026,Software,169.14,297.36,Core
P1483,Bluetooth Speaker Pro,Electronics,977.83,1336.19,Seasonal
P1484,Vacuum Cleaner Max,Home,653.15,945.97,Core
P1485,Team Collaboration Plus,Software,625.82,1207.78,Core
P1486,Smart Scale Lite,Fitness,118.55,198.5,Seasonal
P1487,Wireless Earbuds 2026,Electronics,423.41,872.99,Core
P1488,Phone Case Max,Accessories,145.26,344.41,Premium
P1489,Bluetooth Speaker Max,Electronics,836.13,1194.15,Seasonal
P1490,Yoga Mat Lite,Fitness,223.06,410.37,Seasonal
P1491,Fitness Band Pro,Fitness,640.09,936.51,Core
P1492,Smart Scale Pro,Fitness,442.31,567.21,Premium
P1493,Mixer Grinder Plus,Home,562.19,1155.72,Premium
P1494,Laptop Stand 2025,Accessories,662.68,970.64,Premium
P1495,Mouse 2025,Office,103.02,154.94,Seasonal
P1496,USB-C Cable 2025,Accessories,899.65,1176.79,Premium
P1497,USB-C Cable Plus,Accessories,461.98,794.53,Core
P1498,Air Purifier Lite,Home,525.03,915.45,Premium
P1499,Analytics Pro Lite,Software,300.19,542.41,Core
P1500,Air Purifier Pro,Home,91.43,135.52,Core
